Quote Number,Transaction Date,Test Group,Sale Indicator,Net Price,Profit,Tax,Total Price,Customer Age,Licence Length,Marital Status,Credit Score,Vehicle Value,Vehicle Mileage
1,05/01/2020,B,0,419.62,25.18,41.96,486.76,58,8.71,M,366,7000,7000
2,18/03/2020,A,0,534.49,80.17,53.45,668.11,40,8.75,S,307,8000,6000
3,12/01/2020,B,0,480.43,72.06,48.04,600.54,51,6.94,M,430,7000,6000
4,05/02/2020,B,0,385.72,11.57,38.57,435.87,34,9.17,S,494,10000,7000
5,10/03/2020,A,0,333.17,49.98,33.32,416.47,47,6.81,M,416,9000,5000
6,10/01/2020,B,1,442.91,17.72,22.15,482.77,51,11.39,M,376,8000,8000
7,20/02/2020,A,0,440.67,35.25,44.07,520,56,8.04,M,268,9000,9000
8,23/02/2020,A,0,397.66,67.6,19.88,485.14,28,7.07,M,357,6000,5000
9,16/03/2020,B,0,447.77,13.43,22.39,483.59,41,9.72,S,364,6000,9000
10,15/03/2020,B,0,459.7,22.99,45.97,528.66,42,8.93,M,284,9000,7000
11,03/04/2020,A,0,250.59,47.61,25.06,323.26,45,5.66,M,468,8000,7000
12,13/01/2020,A,1,334.03,66.81,16.7,417.53,37,4.92,S,430,5000,8000
13,20/02/2020,A,0,450.72,67.61,45.07,563.4,41,10.47,S,446,8000,6000
14,10/01/2020,B,0,393.77,23.63,39.38,456.77,43,9.43,S,506,10000,8000
15,05/02/2020,A,1,341.19,47.77,17.06,406.01,23,7.96,S,456,7000,5000
16,10/03/2020,A,0,458.4,68.76,45.84,573,42,10.62,S,278,10000,7000
17,12/02/2020,A,0,470.22,23.51,23.51,517.24,54,8.64,S,497,6000,
18,23/01/2020,A,0,502.38,55.26,50.24,607.88,41,8.95,S,441,9000,10000
19,18/02/2020,B,1,383.17,45.98,38.32,467.47,62,9.98,M,398,9000,8000
20,06/04/2020,A,0,379.22,15.17,18.96,413.35,44,7.09,M,323,7000,7000
21,27/02/2020,A,0,353.8,17.69,35.38,406.87,38,7.41,M,520,9000,8000
22,29/01/2020,A,1,289.54,11.58,28.95,330.08,47,7.42,S,388,7000,8000
23,09/04/2020,A,0,519.55,98.72,25.98,644.25,41,9.99,M,399,7000,7000
24,19/02/2020,A,0,463.74,18.55,46.37,528.67,41,6.49,M,386,10000,5000
25,12/03/2020,A,0,268.81,18.82,26.88,314.51,44,6.92,S,597,7000,7000
26,08/01/2020,A,0,422.92,50.75,42.29,515.97,44,6.76,S,471,8000,8000
27,02/01/2020,B,0,399.23,55.89,39.92,495.04,47,8.9,M,381,15000,5000
28,20/01/2020,A,0,315.07,63.01,31.51,409.59,43,6.4,S,428,10000,6000
29,05/03/2020,A,0,448.73,62.82,,511.55,38,8.39,D,445,7000,7000
30,14/03/2020,A,0,460,78.2,46,584.2,27,5.26,M,328,10000,6000
31,20/01/2020,B,0,307.91,52.35,30.79,391.05,48,10.84,D,438,9000,7000
32,03/03/2020,B,0,356.85,14.27,35.68,406.81,45,6.39,S,383,8000,6000
33,10/04/2020,A,0,232.44,16.27,23.24,271.96,39,12.09,M,438,8000,7000
34,07/04/2020,B,0,290.8,17.45,29.08,337.32,50,13.6,S,356,7000,8000
35,11/01/2020,B,0,410.88,61.63,20.54,493.06,39,8.5,D,409,7000,7000
36,27/01/2020,B,0,491.21,78.59,49.12,618.93,45,5.11,M,378,8000,6000
37,11/01/2020,B,0,391.21,31.3,39.12,461.63,30,11.88,M,439,10000,6000
38,10/01/2020,B,0,460.61,46.06,46.06,552.74,37,4.65,M,321,9000,8000
39,20/03/2020,A,0,413.05,24.78,20.65,458.49,35,6.86,M,445,6000,7000
40,16/02/2020,A,1,372.4,14.9,37.24,424.53,30,10.36,S,405,9000,6000
41,29/01/2020,B,0,488.47,48.85,48.85,586.16,29,7.2,S,273,10000,5000
42,19/02/2020,B,0,504.33,5.04,25.22,534.59,50,9.38,M,403,7000,8000
43,24/02/2020,A,0,535.1,37.46,53.51,626.07,51,6.85,S,441,10000,8000
44,28/02/2020,A,1,540.02,64.8,54,658.82,33,6.29,M,392,9000,6000
45,22/03/2020,A,0,407.61,61.14,40.76,509.51,32,10.68,M,412,8000,4000
46,10/02/2020,B,0,554.06,72.03,55.41,681.49,51,6.15,M,406,9000,6000
47,20/02/2020,A,0,543.65,27.18,54.37,625.2,21,7.89,M,215,10000,8000
48,21/01/2020,A,0,386.9,15.48,38.69,441.06,33,8.8,S,459,10000,8000
49,13/01/2020,A,0,592.86,53.36,59.29,705.51,38,11.19,D,388,9000,8000
50,17/03/2020,A,0,437.19,21.86,43.72,502.77,45,12.37,S,321,8000,7000
51,13/01/2020,A,0,316.53,60.14,31.65,408.33,37,5.5,M,568,10000,7000
52,24/02/2020,B,1,251.84,32.74,25.18,309.76,32,8.38,M,355,7000,6000
53,29/03/2020,A,1,424.17,84.83,21.21,530.21,42,7.32,M,484,7000,5000
54,08/01/2020,B,0,253.31,25.33,25.33,303.97,33,6.5,S,534,10000,5000
55,04/04/2020,A,0,400.91,80.18,40.09,521.18,42,10.64,M,400,8000,8000
56,04/02/2020,A,0,390.14,27.31,39.01,456.46,43,9.86,S,339,10000,9000
57,05/01/2020,A,0,457.82,73.25,22.89,553.96,37,6.48,M,543,7000,8000
58,29/01/2020,A,0,362.85,29.03,36.29,428.17,46,8.74,M,467,9000,9000
59,23/03/2020,A,0,383.14,72.8,38.31,494.25,50,8.41,D,420,8000,7000
60,26/01/2020,B,0,288.21,34.58,28.82,351.61,33,7.86,S,437,9000,6000
61,05/02/2020,B,0,328.33,9.85,32.83,371.01,43,5.66,M,355,9000,4000
62,04/03/2020,A,0,569.9,91.18,56.99,718.08,36,7.12,M,488,10000,9000
63,22/02/2020,A,0,600.05,114.01,60.01,774.07,43,8.31,D,381,15000,9000
64,29/01/2020,A,0,324.66,58.44,16.23,399.34,37,8.88,M,430,6000,5000
65,16/03/2020,A,0,416.18,49.94,41.62,507.74,24,7.96,S,377,9000,5000
66,16/01/2020,A,1,138.17,9.67,6.91,154.75,52,10.92,D,331,6000,5000
67,11/02/2020,A,0,310.1,31.01,15.51,356.62,34,4.01,,343,7000,7000
68,24/03/2020,B,0,364.11,7.28,36.41,407.8,46,7.59,M,475,8000,8000
69,20/01/2020,A,0,360.3,36.03,36.03,432.37,42,8.53,M,448,7000,8000
70,05/01/2020,A,0,236.25,40.16,23.62,300.04,43,6.64,S,467,10000,6000
71,15/02/2020,A,0,599.03,113.82,59.9,772.75,47,10.64,M,425,10000,8000
72,03/01/2020,A,0,579.15,75.29,57.91,712.35,54,8.4,S,473,8000,9000
73,03/02/2020,B,0,416.64,8.33,41.66,466.63,40,5.8,M,467,10000,7000
74,13/01/2020,A,0,478.96,81.42,47.9,608.28,59,5.54,S,9999,10000,7000
75,12/02/2020,A,0,479.28,23.96,47.93,551.18,51,5.71,S,361,10000,5000
76,19/03/2020,A,0,423.95,59.35,42.39,525.7,42,5.51,S,572,9000,8000
77,26/03/2020,B,0,457.76,68.66,,526.42,46,7.9,M,394,8000,5000
78,15/03/2020,B,1,349.17,48.88,17.46,415.52,49,9.19,M,419,6000,5000
79,23/01/2020,B,0,530.75,10.61,53.07,594.44,18,9.01,M,265,10000,7000
80,15/01/2020,B,0,423.79,21.19,21.19,466.17,38,7.58,M,523,6000,6000
81,06/04/2020,B,0,536.18,69.7,53.62,659.5,42,5.47,M,366,10000,5000
82,17/01/2020,A,0,513.81,51.38,51.38,616.57,18,13.69,S,432,9000,5000
83,23/02/2020,B,0,419.08,25.14,20.95,465.18,49,2.94,S,354,7000,6000
84,20/01/2020,B,0,462.4,23.12,46.24,531.76,48,8.82,M,499,,8000
85,13/02/2020,B,0,350.89,56.14,35.07,442.11,49,7.04,M,356,8000,6000
86,06/01/2020,B,0,509.12,10.18,50.91,570.21,26,8.56,S,296,10000,7000
87,25/03/2020,A,0,463.74,41.74,23.19,528.66,59,10.67,D,325,7000,7000
88,16/01/2020,B,0,570.91,22.84,57.09,650.84,53,9.78,M,331,10000,9000
89,16/03/2020,A,0,408.35,61.25,20.42,490.02,23,9.3,M,412,6000,5000
90,27/02/2020,A,1,475.37,95.07,23.77,594.21,46,9.14,S,466,9000,8000
91,17/02/2020,B,0,248.16,24.82,24.82,297.79,18,5.7,S,377,8000,7000
92,21/02/2020,A,1,448.36,35.87,44.84,529.06,63,7.17,S,382,15000,5000
93,01/03/2020,A,0,375.97,63.91,18.8,458.68,65,9.1,M,459,7000,7000
94,21/01/2020,B,0,347.12,41.65,17.36,406.13,38,9.61,M,498,7000,8000
95,10/04/2020,A,1,411.79,24.71,41.18,477.67,37,10.76,M,527,8000,9000
96,07/04/2020,A,0,257.29,20.58,12.86,290.74,47,7.33,M,328,6000,5000
97,03/01/2020,A,0,446.27,58.01,44.63,548.91,59,7.67,M,352,10000,8000
98,20/01/2020,A,0,427.6,47.04,42.76,517.39,50,6.74,M,423,10000,7000
99,24/01/2020,A,0,532.58,37.28,53.26,623.12,63,9.54,M,364,10000,6000
100,20/02/2020,A,0,439.25,48.32,43.92,531.49,37,11.01,,282,10000,7000
101,22/01/2020,A,0,305.83,18.35,30.58,354.76,31,8.8,S,569,9000,8000
102,13/01/2020,B,0,527.72,58.05,52.77,638.55,41,12.54,M,469,10000,6000
103,09/02/2020,B,0,297.16,29.72,14.86,341.73,64,7.97,M,391,7000,6000
104,18/01/2020,A,0,396.19,63.39,19.81,479.39,55,8.1,M,283,10000,6000
105,13/03/2020,B,0,410.51,49.26,41.05,500.82,42,7.56,S,329,10000,8000
106,23/02/2020,A,0,226.09,11.3,22.61,260.01,31,8.11,M,424,7000,4000
107,03/03/2020,B,0,376.94,56.54,18.85,452.33,41,3.8,M,581,8000,7000
108,27/02/2020,A,0,358.15,68.05,35.81,462.01,52,9.84,D,396,10000,6000
109,07/02/2020,A,1,616.74,55.51,61.67,733.92,37,4.15,M,441,10000,8000
110,08/02/2020,B,0,344.62,31.02,17.23,392.87,55,8.66,S,444,6000,4000
111,24/03/2020,A,0,432.61,38.93,21.63,493.17,45,9.54,M,560,7000,8000
112,22/03/2020,A,0,421,29.47,42.1,492.57,41,9.84,M,441,7000,7000
113,10/01/2020,B,0,465.37,13.96,46.54,525.87,40,8.39,M,418,7000,8000
114,06/02/2020,B,0,440.13,48.41,44.01,532.56,37,3.71,M,428,9000,6000
115,01/03/2020,A,0,315.54,18.93,31.55,366.03,39,7.2,M,528,9000,6000
116,05/02/2020,A,1,532.15,79.82,53.21,665.19,35,6.03,S,433,10000,6000
117,04/03/2020,B,1,412.17,61.83,20.61,494.61,37,5.54,M,272,8000,4000
118,22/03/2020,A,0,339.15,67.83,16.96,423.93,38,6.68,S,513,7000,8000
119,24/03/2020,A,0,343.62,17.18,34.36,395.16,53,6.83,S,457,15000,8000
120,10/02/2020,A,0,482.33,96.47,48.23,627.03,51,7.88,M,467,10000,7000
121,07/01/2020,B,0,466.76,56.01,46.68,569.45,43,8.49,D,427,15000,8000
122,11/01/2020,A,0,396.22,75.28,39.62,511.13,30,8.03,S,319,15000,7000
123,10/04/2020,A,0,295.41,44.31,14.77,354.49,25,9.93,S,402,6000,7000
124,30/01/2020,B,0,440.73,30.85,44.07,515.66,50,8.75,M,401,10000,7000
125,11/03/2020,A,0,506.13,65.8,50.61,622.54,54,5.63,M,405,10000,9000
126,28/02/2020,A,0,585.68,93.71,58.57,737.96,53,,S,323,15000,7000
127,20/02/2020,A,0,502.24,80.36,50.22,632.82,47,13.91029086,M,220,8000,8000
128,17/02/2020,B,0,287.17,48.82,14.36,350.35,40,13.26512401,S,267,6000,7000
129,14/03/2020,A,1,218.9,37.21,21.89,278,32,3.848057546,M,345,7000,6000
130,24/01/2020,A,0,383.54,19.18,38.35,441.07,62,5.145641891,S,399,7000,10000
131,10/03/2020,B,0,380.55,22.83,38.06,441.44,37,8.130167016,S,375,8000,8000
132,21/02/2020,A,1,443.28,88.66,44.33,576.27,48,4.429074705,D,498,9000,7000
133,08/02/2020,B,1,452.7,40.74,45.27,538.71,36,9.437974557,S,365,9000,8000
134,25/02/2020,A,1,496.58,19.86,24.83,541.27,52,5.970181676,M,397,7000,8000
135,02/04/2020,B,0,268.05,5.36,26.81,300.22,22,8.767097283,S,469,7000,7000
136,02/03/2020,B,0,347.32,6.95,17.37,371.63,36,7.137260577,S,415,5000,9000
137,09/02/2020,B,0,264.24,31.71,26.42,322.38,32,11.86111227,S,442,7000,7000
138,18/03/2020,B,0,651.89,52.15,65.19,769.23,47,6.262412781,M,285,9000,9000
139,10/03/2020,A,0,370.12,70.32,37.01,477.46,42,10.61369841,S,9999,10000,8000
140,12/03/2020,B,0,363.06,25.41,36.31,424.78,48,10.96524217,M,346,6000,7000
141,05/01/2020,A,0,392.67,58.9,39.27,490.84,35,7.640980149,M,415,10000,6000
142,15/03/2020,A,0,386.54,50.25,38.65,475.44,48,7.123525057,D,416,8000,6000
143,29/03/2020,B,0,403.23,56.45,40.32,500.01,31,5.3044876,D,471,5000,6000
144,15/03/2020,B,0,263.4,13.17,13.17,289.74,55,4.34664003,M,389,5000,6000
145,02/02/2020,A,0,196.49,9.82,19.65,225.97,33,6.152747707,M,369,5000,7000
146,05/03/2020,A,0,479.28,67.1,47.93,594.3,42,9.787650081,M,358,10000,6000
147,18/02/2020,A,0,507.56,60.91,50.76,619.23,53,6.546223051,S,438,10000,8000
148,20/03/2020,B,0,466.41,79.29,46.64,592.34,34,8.024812636,M,460,10000,7000
149,21/02/2020,B,0,442.37,13.27,44.24,499.88,58,7.659056982,S,328,10000,7000
150,24/01/2020,B,0,229.99,13.8,23,266.79,40,9.307138525,S,445,8000,5000
151,25/03/2020,B,0,296.88,17.81,14.84,329.53,45,7.726468503,S,479,7000,7000
152,04/02/2020,A,0,325.12,55.27,32.51,412.91,41,9.095900622,M,482,8000,6000
153,28/02/2020,B,1,299.13,47.86,14.96,361.95,46,3.167568744,M,517,6000,7000
154,08/01/2020,A,1,317.38,53.95,31.74,403.07,36,8.743127214,S,484,8000,6000
155,27/02/2020,A,0,524.13,41.93,52.41,618.47,40,6.16748675,S,291,10000,8000
156,15/02/2020,B,0,364.8,54.72,36.48,456,38,9.878866881,M,464,10000,7000
157,28/01/2020,B,0,,0,40.87453418,40.87453418,37,10.86831945,S,445,10000,8000
158,12/01/2020,B,0,513.6212321,20.54484928,25.6810616,559.847143,46,8.578594628,S,392,8000,10000
159,08/01/2020,A,0,413.5738926,45.49312819,41.35738926,500.42441,63,8.239141455,S,320,10000,9000
160,19/01/2020,A,1,405.09814,16.2039256,20.254907,441.5569726,61,10.27818114,M,253,5000,7000
161,11/01/2020,B,0,382.5530252,61.20848403,38.25530252,482.0168118,48,10.08636853,S,205,6000,9000
162,05/03/2020,A,0,376.6350316,26.36445221,37.66350316,440.662987,37,10.78045975,S,287,7000,6000
163,15/03/2020,B,0,380.8329551,38.08329551,38.08329551,456.9995461,54,7.681284108,S,340,9000,6000
164,06/02/2020,A,0,443.6565974,39.92909377,44.36565974,527.9513509,31,4.535892882,M,465,10000,9000
165,26/02/2020,A,0,320.7487511,38.48985013,16.03743756,375.2760388,24,10.00676436,S,400,5000,9000
166,24/01/2020,A,1,296.4968424,38.54458951,14.82484212,349.866274,38,4.976004121,M,344,6000,7000
167,29/01/2020,A,0,591.4059153,23.65623661,59.14059153,674.2027434,37,4.358438496,S,344,10000,6000
168,09/04/2020,A,0,531.4923407,90.35369792,53.14923407,674.9952727,51,6.757278914,S,453,7000,8000
169,17/02/2020,A,0,507.4920543,91.34856977,50.74920543,649.5898295,60,8.824435655,M,343,,10000
170,01/02/2020,A,0,486.2858326,24.31429163,24.31429163,534.9144159,42,10.85297386,M,441,5000,8000
171,18/03/2020,A,0,352.2720244,31.7044822,35.22720244,419.203709,24,9.562503711,D,462,8000,6000
172,01/03/2020,A,0,345.2567934,69.05135868,34.52567934,448.8338314,41,7.64541947,S,471,9000,7000
173,29/02/2020,A,0,484.9754276,29.09852566,48.49754276,562.571496,45,5.608844215,S,246,8000,7000
174,15/01/2020,B,0,422.1386993,4.221386993,42.21386993,468.5739562,43,7.101960572,M,418,10000,6000
175,12/03/2020,A,0,294.9892008,26.54902807,29.49892008,351.037149,43,10.43422699,,455,10000,7000
176,26/03/2020,B,0,533.6655857,90.72314957,53.36655857,677.7552938,42,8.193026913,S,312,10000,7000
177,17/03/2020,A,1,311.7364973,46.7604746,31.17364973,389.6706216,28,7.922066539,S,378,7000,6000
178,02/01/2020,A,0,408.6280721,20.43140361,40.86280721,469.9222829,47,9.135448551,S,307,8000,7000
179,15/03/2020,A,0,502.8608941,90.51496094,25.14304471,618.5188997,33,10.70223873,D,288,7000,9000
180,31/03/2020,A,0,527.609951,84.41759216,52.7609951,664.7885383,35,7.998903033,S,347,10000,10000
181,02/02/2020,B,0,490.6027457,19.62410983,49.06027457,559.2871301,47,6.221972532,D,369,,9000
182,02/03/2020,A,0,400.6883428,72.1239017,20.03441714,492.8466616,21,9.032954836,D,441,6000,4000
183,02/01/2020,B,0,539.4149592,10.78829918,53.94149592,604.1447543,38,5.207302185,S,426,15000,9000
184,04/04/2020,A,0,422.5611177,46.48172295,42.25611177,511.2989524,50,7.002150678,M,381,8000,8000
185,08/03/2020,A,0,357.0896971,57.13435154,35.70896971,449.9330183,25,7.887691262,S,439,10000,6000
186,14/03/2020,B,1,395.8782513,63.34052021,39.58782513,498.8065966,43,8.637731734,S,340,8000,7000
187,11/03/2020,A,0,414.3507036,74.58312665,41.43507036,530.3689006,45,5.761203976,D,414,10000,6000
188,17/02/2020,A,0,461.1395387,55.33674464,46.11395387,562.5902372,54,6.252337051,M,448,7000,7000
189,19/02/2020,B,0,549.7668189,54.97668189,54.97668189,659.7201827,60,13.64667677,M,405,9000,8000
190,29/01/2020,A,0,399.7015055,35.9731355,39.97015055,475.6447915,53,8.505811063,S,403,8000,6000
191,29/01/2020,B,0,222.5247882,4.450495764,11.12623941,238.1015234,37,3.810266733,M,242,5000,5000
192,22/02/2020,A,0,441.6031897,22.08015949,44.16031897,507.8436682,35,5.835750144,D,497,8000,7000
193,02/04/2020,A,0,399.9589693,55.9942557,39.99589693,495.9491219,34,10.6738823,D,370,10000,5000
194,21/01/2020,B,0,441.5276757,52.98332108,44.15276757,538.6637644,38,5.999750819,M,478,10000,7000
195,23/02/2020,B,0,297.7666764,17.86600058,14.88833382,330.5210108,36,6.88167773,S,410,7000,6000
196,24/03/2020,B,0,519.6021252,36.37214876,51.96021252,607.9344865,31,7.512122074,S,207,15000,8000
197,18/01/2020,B,1,489.9777391,48.99777391,48.99777391,587.9732869,43,7.83662464,M,435,9000,7000
198,09/04/2020,B,0,222.757459,24.50332049,11.13787295,258.3986524,45,10.91658767,M,463,6000,7000
199,20/01/2020,B,0,475.8659369,14.27597811,47.58659369,537.7285087,42,4.565575381,M,268,9000,8000
200,08/04/2020,A,0,551.2265437,55.12265437,55.12265437,661.4718524,43,8.12566982,D,452,8000,7000
201,21/01/2020,A,0,471.7335767,23.58667884,47.17335767,542.4936132,40,5.371652182,S,439,10000,9000
202,25/01/2020,A,0,399.4374721,59.91562082,19.9718736,479.3249665,49,7.081032078,M,332,5000,6000
203,21/02/2020,B,0,656.6892226,26.2675689,65.66892226,748.6257138,47,7.968667385,M,299,15000,7000
204,29/03/2020,A,0,518.6290294,72.60806412,51.86290294,643.0999965,45,8.465713084,M,390,10000,6000
205,05/03/2020,B,0,377.2897864,49.04767223,37.72897864,464.0664373,34,10.71168742,S,383,7000,6000
206,02/03/2020,A,0,284.4924084,39.82893718,28.44924084,352.7705864,43,5.407739291,M,369,7000,8000
207,24/01/2020,A,0,540.451583,59.44967413,54.0451583,653.9464154,53,6.337713952,M,389,10000,10000
208,05/04/2020,A,0,539.1255773,86.26009237,26.95627887,652.3419485,53,9.444210275,D,479,8000,8000
209,27/03/2020,B,0,550.175612,93.52985404,27.5087806,671.2142466,56,8.002567956,S,530,7000,10000
210,07/04/2020,A,0,454.177798,68.1266697,22.7088899,545.0133576,33,10.8354539,S,365,6000,8000
211,13/02/2020,A,0,399.1056976,27.93739883,39.91056976,466.9536662,48,5.959063032,D,489,10000,6000
212,04/01/2020,B,1,341.7127157,47.8397802,17.08563579,406.6381317,18,4.966267039,S,314,6000,6000
213,29/03/2020,A,0,334.4563517,53.51301627,16.72281759,404.6921856,57,8.68295879,M,354,6000,7000
214,13/01/2020,A,0,322.8487419,61.34126096,16.14243709,400.33244,31,10.45571223,M,427,7000,7000
215,01/04/2020,A,0,696.6195095,97.52673133,69.66195095,863.8081918,44,7.21703398,M,396,15000,9000
216,02/01/2020,A,0,325.2052259,61.78899292,32.52052259,419.5147414,39,8.699094253,S,392,8000,6000
217,03/03/2020,A,0,304.1113,30.41113,15.205565,349.727995,34,6.603895641,D,480,6000,6000
218,27/02/2020,A,0,405.7250079,32.45800063,40.57250079,478.7555093,40,7.860255024,S,465,7000,6000
219,01/02/2020,A,0,542.9653075,65.1558369,54.29653075,662.4176752,45,9.218932967,M,385,9000,7000
220,10/02/2020,A,0,344.5927554,58.58076842,34.45927554,437.6327994,49,6.815844515,M,459,10000,6000
221,18/01/2020,A,0,485.2302181,29.11381309,24.2615109,538.6055421,39,6.926542713,M,356,7000,5000
222,18/01/2020,B,1,420.2551218,42.02551218,21.01275609,483.2933901,39,8.098332071,S,289,7000,7000
223,28/01/2020,B,0,385.9307001,42.45237701,38.59307001,466.9761471,41,8.040944711,S,480,7000,5000
224,26/02/2020,A,1,246.0808626,39.37293802,12.30404313,297.7578437,48,11.43283383,M,329,5000,6000
225,02/01/2020,A,0,364.1773889,32.775965,36.41773889,433.3710928,41,5.82552789,M,347,9000,8000
226,19/02/2020,B,0,245.2461867,29.4295424,12.26230933,286.9380384,40,8.476623497,M,533,6000,8000
227,05/04/2020,A,1,427.5201525,42.75201525,42.75201525,513.024183,42,10.72077205,M,9999,8000,9000
228,14/02/2020,B,0,499.2893176,59.91471811,24.96446588,584.1685016,40,3.306360009,S,399,7000,8000
229,15/01/2020,B,0,443.8160428,4.438160428,22.19080214,470.4450054,32,5.470614532,M,412,7000,7000
230,29/02/2020,A,0,437.1853843,78.69336917,21.85926921,537.7380227,58,7.314243773,D,326,8000,8000
231,24/02/2020,B,0,406.4932855,48.77919426,40.64932855,495.9218083,46,9.080232035,S,371,9000,6000
232,14/03/2020,A,0,403.6870393,20.18435197,40.36870393,464.2400952,44,7.99119988,M,370,7000,8000
233,08/01/2020,B,0,320.5852271,48.08778407,32.05852271,400.7315339,52,7.202284013,S,,6000,7000
234,02/03/2020,A,0,383.950733,34.55556597,38.3950733,456.9013723,44,7.605288912,M,280.3208334,10000,7000
235,23/03/2020,B,0,438.901305,65.83519575,43.8901305,548.6266313,18,6.93924297,S,423.2846716,10000,7000
236,06/03/2020,B,0,509.7742754,40.78194203,50.97742754,601.533645,34,7.564750962,M,403.7021261,10000,8000
237,13/02/2020,B,0,241.2949269,26.54244196,24.12949269,291.9668615,52,6.438842353,S,389.1846314,6000,7000
238,20/02/2020,B,0,536.3094689,16.08928407,26.81547344,579.2142264,55,8.278238842,M,425.8996793,9000,8000
239,26/03/2020,A,0,361.0191211,18.05095606,36.10191211,415.1719893,39,5.3289446,M,513.8093304,10000,8000
240,25/01/2020,B,0,345.4451456,55.2712233,34.54451456,435.2608835,63,7.883127442,M,326.9816,10000,5000
241,30/03/2020,A,0,384.7103015,65.40075126,19.23551507,469.3465678,42,8.256000767,D,491.978011,6000,5000
242,07/01/2020,A,1,461.7374043,83.11273277,46.17374043,591.0238775,36,10.77425082,D,276.7477837,10000,7000
243,26/01/2020,A,0,554.714806,110.9429612,55.4714806,721.1292478,59,9.631754475,M,478.0773247,9000,8000
244,04/02/2020,B,0,356.024338,35.6024338,35.6024338,427.2292056,34,5.956595131,S,414.7064385,9000,8000
245,09/03/2020,A,0,456.9359363,91.38718726,45.69359363,594.0167172,36,9.11148118,M,267.2197503,15000,5000
246,01/02/2020,A,0,315.2426481,37.82911777,31.52426481,384.5960307,32,6.686719101,D,456.0959347,9000,7000
247,31/01/2020,A,0,461.0535636,59.93696327,46.10535636,567.0958832,60,8.606118346,M,449.2162207,9000,7000
248,11/02/2020,B,0,560.281764,50.42535876,28.0140882,638.721211,34,7.141970861,M,442.9092199,8000,6000
249,22/01/2020,A,0,350.1416632,63.02549938,35.01416632,448.1813289,58,6.099354619,M,498.4752644,10000,7000
250,02/01/2020,B,0,335.4522426,46.96331396,33.54522426,415.9607808,49,8.207616789,D,362.1283449,9000,6000
251,04/03/2020,A,0,472.9369804,61.48180745,23.64684902,558.0656369,18,10.00913348,S,454.752587,6000,7000
252,21/01/2020,B,0,427.2794726,8.545589452,42.72794726,478.5530093,52,5.778213646,S,350.7031284,10000,5000
253,14/03/2020,A,0,218.8516554,35.01626486,10.94258277,264.810503,29,6.884289785,S,336.6367501,6000,5000
254,11/01/2020,B,0,337.8123813,3.378123813,33.78123813,374.9717432,23,8.107254852,D,363.6240838,9000,7000
255,09/02/2020,B,0,523.5809797,78.53714696,52.35809797,654.4762246,35,4.060658277,M,418.3528271,10000,6000
256,08/01/2020,A,0,279.5452855,33.54543426,27.95452855,341.0452483,33,7.03323471,S,308.7382725,9000,6000
257,27/02/2020,A,0,279.5697643,22.36558114,13.97848821,315.9138337,38,5.446590382,S,435.3276473,6000,5000
258,04/01/2020,B,0,295.9166116,50.30582397,29.59166116,375.8140967,53,8.064943808,M,281.7681998,10000,6000
259,22/01/2020,A,0,605.2126609,90.78189914,60.52126609,756.5158261,73,7.780832207,M,476.7010572,10000,6000
260,20/03/2020,B,0,541.9541983,32.5172519,54.19541983,628.66687,56,6.357051817,M,508.2275852,10000,7000
261,12/01/2020,A,0,535.3870652,26.76935326,53.53870652,615.695125,54,10.44341225,S,492.6834317,10000,8000
262,27/01/2020,A,0,456.1521205,91.2304241,45.61521205,592.9977567,42,8.008826599,S,396.7974279,9000,7000
263,10/03/2020,A,0,460.7233381,50.67956719,46.07233381,557.4752391,57,6.035583144,S,417.6639469,10000,9000
264,04/01/2020,B,0,308.4392588,3.084392588,30.84392588,342.3675773,34,9.473531249,S,356.7776328,,7000
265,26/02/2020,B,0,252.8119163,20.2249533,25.28119163,298.3180612,38,5.315305599,S,9999,8000,7000
266,10/01/2020,A,1,408.425092,57.17951288,40.8425092,506.4471141,33,8.538026523,S,384.5102486,8000,7000
267,02/04/2020,A,0,372.6330921,26.08431645,37.26330921,435.9807178,60,8.032981137,S,593.131735,9000,6000
268,14/01/2020,A,0,162.8102508,6.512410032,16.28102508,185.6036859,54,6.039885756,D,414.8980254,7000,5000
269,13/02/2020,B,0,482.9360539,62.78168701,24.1468027,569.8645436,56,10.25382938,D,463.3595332,7000,8000
270,30/01/2020,A,0,519.5203341,67.53764343,51.95203341,639.0100109,53,8.430028384,M,449.1083766,15000,7000
271,03/04/2020,A,0,404.667313,36.42005817,40.4667313,481.5541025,45,8.856756287,M,459.4683554,10000,9000
272,25/03/2020,A,0,350.0611851,28.00489481,35.00611851,413.0721984,32,5.350843877,M,348.1225402,8000,6000
273,30/01/2020,B,0,473.2831565,52.06114722,47.32831565,572.6726194,39,7.679543698,M,543.3066392,15000,8000
274,22/02/2020,A,0,389.4075188,73.98742857,38.94075188,502.3356993,38,8.342994748,M,320.0911549,6000,8000
275,04/02/2020,B,0,341.8357027,10.25507108,34.18357027,386.2743441,50,8.196685372,D,350.2659311,9000,7000
276,27/02/2020,A,0,442.9107178,53.14928614,44.29107178,540.3510757,43,10.30245131,S,466.8713649,8000,8000
277,05/02/2020,A,0,555.9543484,94.51223923,55.59543484,706.0620225,32,8.601050015,M,359.6895223,10000,8000
278,27/01/2020,B,0,380.7443703,60.91909925,38.07443703,479.7379066,42,8.221097426,S,355.3549583,7000,6000
279,13/03/2020,A,0,468.0612772,84.2510299,23.40306386,575.715371,51,6.540352571,M,592.6385005,7000,5000
280,23/03/2020,A,0,502.5015305,30.15009183,50.25015305,582.9017754,50,10.33975462,M,441.509469,10000,6000
281,07/04/2020,B,0,325.4278293,35.79706122,32.54278293,393.7676735,63,9.185317497,S,443.7362985,10000,7000
282,28/01/2020,A,0,379.1805093,49.29346621,37.91805093,466.3920264,47,7.893403991,S,361.269961,6000,8000
283,28/01/2020,B,0,289.9711324,37.69624721,14.49855662,342.1659362,44,5.384828514,S,407.0894519,5000,7000
284,05/03/2020,A,0,397.0846093,39.70846093,39.70846093,476.5015312,29,9.582115176,D,518.5256492,7000,7000
285,18/02/2020,B,0,378.5693139,11.35707942,37.85693139,427.7833247,26,6.555522392,M,316.2588156,7000,7000
286,22/01/2020,B,0,485.8839125,29.15303475,48.58839125,563.6253385,30,6.546636251,M,9999,10000,8000
287,24/03/2020,A,1,479.8893144,57.58671773,23.99446572,561.4704978,43,7.352443238,S,366.3577213,6000,9000
288,25/02/2020,B,0,304.9146761,3.049146761,15.2457338,323.2095567,24,5.249338758,M,424.0419094,6000,6000
289,12/02/2020,A,0,266.3606966,31.96328359,13.31803483,311.642015,34,9.202171921,S,369.4775569,5000,7000
290,20/02/2020,B,1,478.3679119,57.40414943,47.83679119,583.6088525,36,9.609422588,D,464.782786,8000,9000
291,22/03/2020,A,0,401.6136589,60.24204884,40.16136589,502.0170736,50,8.282924918,S,348.2617179,10000,6000
292,16/03/2020,B,0,487.5719608,63.3843549,24.37859804,575.3349137,63,8.400015412,D,571.2663119,7000,7000
293,30/03/2020,B,0,483.4898818,67.68858345,48.34898818,599.5274534,39,10.19074448,M,418.2214309,9000,9000
294,19/03/2020,B,0,564.4208379,5.644208379,56.44208379,626.5071301,34,7.639319386,M,611.5404254,10000,7000
295,12/03/2020,A,0,283.840089,42.57601335,28.3840089,354.8001113,48,6.198569288,S,351.3386006,7000,7000
296,21/03/2020,A,0,378.2508135,30.26006508,37.82508135,446.3359599,43,6.576993713,S,448.7583232,6000,6000
297,23/01/2020,A,0,399.6613004,35.96951704,39.96613004,475.5969475,46,9.712052616,M,381.49528,9000,7000
298,30/01/2020,A,0,234.1291009,16.38903706,23.41291009,273.9310481,59,6.182708902,S,361.7140367,10000,5000
299,02/03/2020,A,0,383.5337339,57.53006009,38.35337339,479.4171674,52,8.791129325,M,382.553345,8000,7000
300,31/03/2020,A,0,578.5186989,40.49630892,57.85186989,676.8668777,40,3.78835339,M,463.5054759,10000,8000
301,24/03/2020,A,0,334.2661424,43.45459851,33.42661424,411.1473552,45,8.532648683,S,184.2198393,7000,4000
302,04/04/2020,A,0,381.3506662,76.27013324,38.13506662,495.7558661,44,5.696116626,M,432.1904169,9000,8000
303,22/02/2020,B,0,391.5533507,3.915533507,39.15533507,434.6242193,38,8.223804294,M,352.3075772,8000,7000
304,17/03/2020,A,0,268.3542641,26.83542641,13.4177132,308.6074037,33,8.794372195,M,373.0857726,5000,5000
305,08/01/2020,A,0,542.7095336,108.5419067,54.27095336,705.5223937,54,7.946018831,M,419.2557425,10000,10000
306,11/01/2020,B,0,530.6410924,10.61282185,53.06410924,594.3180235,51,8.484087977,M,304.7427369,10000,7000
307,03/04/2020,A,0,443.748799,84.31227181,44.3748799,572.4359507,44,10.27336601,D,450.6192801,7000,8000
308,21/02/2020,B,0,,0,37.00915586,37.00915586,48,7.443288578,S,373.9405801,8000,9000
309,27/03/2020,A,0,446.6875874,31.26813112,44.66875874,522.6244773,53,8.67150611,S,386.8854207,7000,6000
310,20/02/2020,A,0,439.1448906,26.34869344,43.91448906,509.4080731,41,5.037956745,M,385.6736321,9000,8000
311,20/02/2020,A,0,,0,16.60911706,16.60911706,41,7.382160644,D,277.7116954,6000,6000
312,01/04/2020,A,0,187.3644776,20.61009254,18.73644776,226.7110179,31,8.146000887,M,242.0179987,9000,5000
313,14/02/2020,A,0,412.4385411,20.62192706,41.24385411,474.3043223,47,7.851549907,M,364.2452831,8000,8000
314,02/03/2020,B,0,273.2384713,8.197154139,13.66192356,295.097549,43,10.50708324,M,379.4870238,6000,5000
315,11/01/2020,B,0,541.8628903,43.34903122,54.18628903,639.3982106,39,8.080377253,D,339.9276471,7000,6000
316,19/02/2020,A,0,345.5234277,13.82093711,34.55234277,393.8967076,38,10.12941858,M,310.5322723,15000,5000
317,22/01/2020,A,0,374.693327,33.72239943,37.4693327,445.8850591,37,6.19459965,S,373.4994556,10000,6000
318,15/01/2020,A,0,358.6524617,64.55744311,35.86524617,459.075151,39,7.063064301,S,317.7180357,9000,6000
319,21/03/2020,B,0,464.6298492,65.04817889,46.46298492,576.141013,52,6.45742956,M,327.5652668,10000,7000
320,01/04/2020,B,0,445.7640161,13.37292048,44.57640161,503.7133382,50,8.658647935,D,456.9738449,8000,6000
321,22/02/2020,A,0,464.9360327,74.38976523,23.24680163,562.5725996,39,10.99526729,S,432.5770886,6000,8000
322,02/04/2020,A,0,494.2940824,74.14411236,49.42940824,617.867603,25,7.035636728,M,379.2595241,7000,7000
323,27/03/2020,A,0,380.2045861,38.02045861,19.0102293,437.235274,39,,M,468.4415119,7000,6000
324,03/03/2020,A,0,349.4434102,17.47217051,34.94434102,401.8599217,39,8.163243356,S,444.1873864,10000,8000
325,02/02/2020,A,0,397.6309673,23.85785804,19.88154836,441.3703737,51,8.319636783,D,236.7880071,7000,6000
326,02/03/2020,A,0,418.6944013,71.17804822,41.86944013,531.7418897,38,5.41748566,S,385.3210244,8000,6000
327,10/01/2020,B,0,426.8454205,51.22145046,42.68454205,520.751413,26,11.6454837,M,346.7650254,10000,8000
328,23/01/2020,A,0,401.956702,68.33263934,40.1956702,510.4850115,44,9.744403451,S,441.7556351,10000,8000
329,23/01/2020,B,0,329.3447132,29.64102419,16.46723566,375.452973,26,9.412980647,M,336.2794209,6000,9000
330,21/02/2020,B,0,317.9361567,47.69042351,31.79361567,397.4201959,30,12.00501237,M,514.4380231,8000,7000
331,02/01/2020,A,0,403.7865583,28.26505908,40.37865583,472.4302732,40,11.55885161,S,414.7028601,6000,6000
332,03/04/2020,B,0,446.3911338,8.927822676,22.31955669,477.6385132,49,8.707054591,S,454.53278,6000,9000
333,04/03/2020,B,0,410.2648164,36.92383348,41.02648164,488.2151315,51,6.616136062,D,435.1372137,9000,7000
334,20/03/2020,B,0,351.4810877,45.6925414,35.14810877,432.3217379,30,7.43127869,M,365.9986438,6000,8000
335,01/02/2020,A,0,433.7966836,73.74543621,21.68983418,529.231954,18,7.584323058,M,300.0717043,,7000
336,12/01/2020,A,0,556.0918747,27.80459374,55.60918747,639.5056559,27,7.708193562,S,392.1666757,10000,9000
337,29/02/2020,B,0,443.4528259,8.869056518,22.17264129,474.4945237,47,8.829109861,M,414.429671,8000,5000
338,09/01/2020,B,0,522.6595318,62.71914382,26.13297659,611.5116522,43,6.507811218,M,532.3610248,7000,9000
339,02/04/2020,A,0,511.1787338,102.2357468,51.11787338,664.5323539,36,7.093910467,S,417.2075141,10000,7000
340,29/03/2020,A,1,424.7023739,21.2351187,42.47023739,488.40773,56,7.988788501,M,343.7096916,10000,10000
341,18/02/2020,A,0,430.5556519,51.66667823,43.05556519,525.2778953,40,10.80746684,M,423.4111727,9000,7000
342,15/01/2020,A,0,316.1456815,47.42185223,31.61456815,395.1821019,25,10.07471442,M,364.1361225,8000,6000
343,04/04/2020,A,0,299.0711559,17.94426935,29.90711559,346.9225408,30,7.09245185,M,308.9338202,7000,6000
344,21/02/2020,A,0,348.0246204,17.40123102,34.80246204,400.2283135,61,6.822968485,S,374.2807462,7000,7000
345,22/01/2020,B,0,407.6096536,44.8370619,40.76096536,493.2076809,30,6.624148534,S,370.0421835,9000,7000
346,25/02/2020,B,0,466.6337491,27.99802495,46.66337491,541.295149,32,9.605629807,M,329.6561387,9000,6000
347,21/03/2020,A,1,385.0376511,30.80301209,19.25188255,435.0925457,34,8.965019665,M,415.9900022,7000,8000
348,28/01/2020,B,0,295.2365981,20.66656187,29.52365981,345.4268198,32,4.337357472,M,368.1218249,8000,8000
349,03/03/2020,B,0,271.019921,13.55099605,27.1019921,311.6729092,42,7.754761501,M,410.2285509,7000,7000
350,28/01/2020,B,0,544.4157788,16.33247336,27.22078894,587.9690411,35,8.548980888,M,429.7929353,7000,9000
351,25/03/2020,B,0,553.4147734,5.534147734,55.34147734,614.2903985,41,9.849249038,S,345.7495869,10000,8000
352,25/01/2020,B,0,492.9641689,69.01498365,49.29641689,611.2755694,35,7.779005349,D,434.7866462,10000,9000
353,23/03/2020,A,0,393.589679,43.29486469,39.3589679,476.2435116,43,3.519210718,S,451.8466145,8000,6000
354,15/03/2020,A,0,563.2683375,78.85756725,28.16341688,670.2893216,65,4.635140158,S,358.945535,8000,9000
355,17/02/2020,A,0,338.2007135,37.20207849,16.91003568,392.3128277,51,7.178165605,S,258.1640525,6000,8000
356,04/02/2020,B,0,283.740493,42.56107395,28.3740493,354.6756163,55,1.979662876,M,9999,8000,5000
357,09/04/2020,B,1,439.9821517,4.399821517,21.99910758,466.3810808,50,6.451931597,M,472.3330098,7000,8000
358,29/02/2020,A,0,420.8919681,71.55163458,42.08919681,534.5327995,54,6.318189044,S,387.7237514,10000,
359,15/03/2020,B,1,227.4547492,9.098189968,11.37273746,247.9256766,53,11.29248122,M,380.7007609,6000,8000
360,03/02/2020,A,0,504.889669,70.68455366,50.4889669,626.0631896,28,7.758917707,M,503.7067661,10000,6000
361,14/02/2020,B,0,512.3844727,56.362292,51.23844727,619.985212,57,5.68273486,S,300.5093097,8000,7000
362,26/02/2020,A,0,557.2498278,111.4499656,55.72498278,724.4247761,33,4.316652725,,506.5172035,10000,7000
363,05/04/2020,A,0,348.7637913,52.3145687,34.87637913,435.9547391,45,11.68127387,S,404.850358,5000,5000
364,30/03/2020,A,0,415.9041404,37.43137264,41.59041404,494.9259271,46,7.616276006,M,388.419248,9000,6000
365,06/02/2020,A,0,265.6679769,39.85019654,13.28339885,318.8015723,50,7.709976237,M,263.5435306,6000,4000
366,03/03/2020,A,0,357.0923013,67.84753725,35.70923013,460.6490687,44,8.909407487,D,467.7297088,9000,6000
367,22/01/2020,B,0,409.1045947,57.27464326,40.91045947,507.2896974,52,10.94650868,S,364.8016631,9000,7000
368,03/04/2020,B,0,400.4353209,44.0478853,40.04353209,484.5267383,32,5.675932456,M,347.2546004,8000,5000
369,18/03/2020,A,1,420.0493605,84.0098721,21.00246803,525.0617006,43,8.066625464,D,385.1652415,8000,6000
370,13/03/2020,A,0,417.2829035,79.28375167,20.86414518,517.4308003,47,7.547299936,M,439.0263799,6000,7000
371,06/01/2020,A,0,529.1134131,37.03793892,,566.151352,46,10.60886251,,506.4036502,10000,8000
372,09/02/2020,A,0,493.1096264,39.44877011,49.31096264,581.8693592,27,7.459014467,M,504.8359506,6000,9000
373,15/01/2020,A,0,340.9871067,40.9184528,34.09871067,416.0042702,40,11.98417972,M,329.0961474,7000,6000
374,18/02/2020,B,0,392.4853496,54.94794894,39.24853496,486.6818335,39,9.357822534,M,415.082058,8000,7000
375,07/04/2020,A,0,437.4485722,69.99177155,43.74485722,551.185201,42,8.850089852,M,341.1313903,10000,8000
376,30/03/2020,B,0,457.5856935,45.75856935,22.87928468,526.2235475,62,6.921355742,D,497.1604175,8000,7000
377,15/01/2020,B,0,271.6314617,16.2978877,27.16314617,315.0924956,32,9.771374414,S,445.2260586,10000,5000
378,05/03/2020,A,0,411.4691274,57.60567784,41.14691274,510.221718,55,12.55737508,S,,9000,6000
379,12/03/2020,A,0,342.0002049,61.56003688,17.10001025,420.660252,27,3.618267825,M,323.9316631,5000,6000
380,10/04/2020,B,0,262.6369343,34.14280146,26.26369343,323.0434292,43,9.790012446,M,399.0563386,10000,6000
381,21/02/2020,A,0,475.3474125,38.027793,47.53474125,560.9099468,24,9.650997785,S,197.5667509,8000,6000
382,23/02/2020,A,0,265.6170378,37.18638529,26.56170378,329.3651269,44,8.643430838,S,463.1510568,9000,8000
383,09/01/2020,A,0,491.9628092,54.11590901,49.19628092,595.2749991,38,10.46053243,D,363.169527,9000,8000
384,11/03/2020,A,0,366.2547546,18.31273773,36.62547546,421.1929678,18,7.656920398,S,324.3760564,8000,8000
385,09/04/2020,A,0,340.3491901,61.26285422,34.03491901,435.6469633,53,3.026147511,M,305.9241845,9000,7000
386,08/03/2020,B,0,666.6303014,53.33042411,66.66303014,786.6237557,39,9.181171367,S,408.3343903,15000,8000
387,05/03/2020,A,0,436.0336435,39.24302792,43.60336435,518.8800358,35,7.839898815,M,220.4384489,10000,6000
388,21/01/2020,B,0,548.8007686,82.32011529,54.88007686,686.0009608,33,7.681857664,M,496.8372968,10000,6000
389,27/03/2020,B,0,458.4427329,36.67541863,45.84427329,540.9624248,53,11.84705785,S,404.4348617,9000,7000
390,06/04/2020,A,0,389.1405466,50.58827106,38.91405466,478.6428723,51,6.940712844,S,506.4551553,9000,8000
391,10/01/2020,A,0,366.5962535,58.65540056,18.32981268,443.5814667,24,6.472124841,M,410.8409862,6000,7000
392,30/01/2020,A,0,385.18203,65.4809451,38.518203,489.1811781,22,7.308903775,M,513.7427211,8000,6000
393,20/02/2020,B,0,510.8650341,45.97785307,51.08650341,607.9293906,48,8.657620678,S,244.7352038,7000,9000
394,03/04/2020,A,0,421.2434541,25.27460725,42.12434541,488.6424068,45,4.636871862,S,401.9500829,9000,8000
395,24/03/2020,A,0,340.2943248,20.41765949,34.02943248,394.7414168,41,10.11554716,M,304.3496442,10000,6000
396,02/01/2020,A,0,456.22032,86.6818608,45.622032,588.5242128,61,4.269009277,M,348.8617964,8000,
397,01/04/2020,A,1,385.2494833,53.93492766,38.52494833,477.7093593,33,10.19948772,S,448.8001779,9000,7000
398,28/02/2020,B,1,320.0864711,16.00432356,32.00864711,368.0994418,56,8.159098987,M,442.9840899,9000,7000
399,23/03/2020,A,0,570.1981216,51.31783094,57.01981216,678.5357647,39,8.942762803,M,9999,10000,9000
400,15/01/2020,B,1,566.7582624,73.67857411,28.33791312,668.7747496,19,8.161352784,M,393.6593733,6000,8000
401,05/04/2020,B,0,406.8397219,52.88916385,20.34198609,480.0708718,34,7.489057528,S,378.129256,7000,7000
402,04/01/2020,A,0,280.7790715,42.11686073,28.07790715,350.9738394,39,7.624168909,S,536.7541,7000,7000
403,01/02/2020,B,0,435.9942575,34.8795406,43.59942575,514.4732239,50,7.827453246,M,448.2329437,8000,7000
404,28/03/2020,B,0,467.4163326,32.71914328,23.37081663,523.5062925,29,7.034449249,M,205.9899032,6000,9000
405,12/01/2020,B,1,294.6597128,14.73298564,29.46597128,338.8586697,33,4.555782133,M,373.9833355,9000,7000
406,02/03/2020,A,0,338.5853033,44.01608943,33.85853033,416.4599231,29,8.627868749,M,479.9215057,9000,7000
407,17/01/2020,A,0,417.163977,41.7163977,41.7163977,500.5967724,38,9.541127547,S,327.076268,8000,6000
408,26/02/2020,A,0,387.0341812,73.53649443,38.70341812,499.2740937,27,5.284592083,S,409.9166426,7000,8000
409,10/03/2020,B,0,424.3073053,63.6460958,42.43073053,530.3841316,38,8.502757891,S,410.7514503,10000,8000
410,17/02/2020,B,0,251.8366592,37.77549888,25.18366592,314.795824,69,8.287373763,M,411.5100752,8000,7000
411,15/02/2020,B,0,285.9089668,48.60452436,28.59089668,363.1043878,49,6.434348775,S,508.2990709,7000,6000
412,02/02/2020,A,0,217.4503917,17.39603134,10.87251959,245.7189426,38,6.693953013,D,319.3749243,6000,5000
413,04/01/2020,B,0,499.2607298,84.87432407,49.92607298,634.0611268,41,10.57834598,M,360.5224338,9000,8000
414,16/01/2020,B,0,609.1702719,103.5589462,60.91702719,773.6462453,46,11.53503408,S,356.2910831,15000,7000
415,09/01/2020,A,0,506.2438997,40.49951198,50.62438997,597.3678016,59,9.026531658,M,486.6279356,9000,6000
416,15/03/2020,A,0,494.810443,29.68862658,49.4810443,573.9801139,66,7.434106121,S,458.4630633,10000,6000
417,07/01/2020,B,0,264.1577842,10.56631137,26.41577842,301.139874,59,9.114164653,M,352.1546199,10000,7000
418,17/01/2020,B,0,566.6442476,16.99932743,56.66442476,640.3079998,36,7.023472808,M,410.1226209,10000,6000
419,06/01/2020,A,0,493.9389265,74.09083898,49.39389265,617.4236581,39,5.9921646,D,599.3908107,9000,8000
420,17/03/2020,B,0,329.82368,26.3858944,32.982368,389.1919424,57,10.81123961,M,323.3228243,9000,6000
421,19/02/2020,A,0,593.1176794,71.17412153,59.31176794,723.6035689,43,6.172412995,D,509.9481636,10000,8000
422,08/01/2020,A,0,409.2937308,77.76580885,20.46468654,507.5242262,42,7.256067586,S,418.6713189,8000,8000
423,10/03/2020,A,0,369.9874379,55.49811569,18.4993719,443.9849255,45,4.635558834,S,325.5102908,7000,7000
424,01/04/2020,B,0,465.7917118,41.92125406,46.57917118,554.292137,55,9.595866018,M,421.1407812,10000,7000
425,19/03/2020,A,0,526.3819846,68.429658,52.63819846,647.4498411,31,5.484432244,S,632.4762875,10000,6000
426,10/04/2020,B,0,265.9828274,42.55725238,13.29914137,321.8392212,46,7.12651346,S,563.3063136,7000,5000
427,25/02/2020,B,1,342.2058294,27.37646635,34.22058294,403.8028787,63,7.889034802,M,371.2141216,10000,6000
428,16/02/2020,A,0,443.9343569,57.7114664,44.39343569,546.039259,57,7.391153257,M,269.7000831,10000,6000
429,04/03/2020,A,0,296.4931802,20.75452261,29.64931802,346.8970208,33,8.932047381,M,415.5040179,6000,8000
430,15/01/2020,A,0,443.6463921,22.18231961,44.36463921,510.1933509,68,9.042548151,S,422.3103332,8000,7000
431,23/01/2020,A,0,437.6326425,65.64489638,43.76326425,547.0408031,42,10.07516722,S,443.0458366,8000,6000
432,15/01/2020,B,0,393.2000815,7.86400163,39.32000815,440.3840913,57,9.342645799,M,375.289686,9000,8000
433,30/01/2020,A,0,346.5994464,45.05792803,17.32997232,408.9873468,48,6.751918786,D,505.2120809,7000,7000
434,09/04/2020,B,0,297.8755345,14.89377673,29.78755345,342.5568647,28,7.525888269,M,456.2298756,9000,8000
435,24/02/2020,B,0,346.4845741,20.78907445,34.64845741,401.922106,38,7.767738743,S,335.0967595,10000,7000
436,08/04/2020,B,1,535.1685803,85.62697285,,620.7955531,51,4.807288487,S,428.9067692,7000,7000
437,30/03/2020,B,1,430.980367,73.26666239,43.0980367,547.3450661,35,4.217566512,S,416.7385461,7000,7000
438,06/04/2020,A,0,393.8433083,35.44589775,39.38433083,468.6735369,59,9.033052007,M,408.6839935,9000,6000
439,04/01/2020,B,0,343.3575983,48.07006376,34.33575983,425.7634219,60,6.842489749,S,466.3770699,10000,8000
440,27/03/2020,A,0,570.7273424,97.02364821,57.07273424,724.8237248,43,5.363717328,M,393.8753317,10000,6000
441,30/03/2020,A,0,415.5258487,66.48413579,41.55258487,523.5625694,56,7.095607818,S,500.4066485,10000,6000
442,08/01/2020,B,0,365.1818432,29.21454746,36.51818432,430.914575,39,11.11207827,S,287.4836557,7000,8000
443,29/01/2020,B,1,602.9101553,24.11640621,60.29101553,687.317577,28,7.034791366,S,478.6144993,10000,8000
444,01/02/2020,A,0,641.2683547,109.0156203,64.12683547,814.4108105,18,9.342251961,S,495.5498552,10000,5000
445,11/02/2020,A,0,364.8087994,40.12896793,36.48087994,441.4186473,59,8.85012726,M,584.5612817,8000,7000
446,15/01/2020,A,0,358.5082363,17.92541182,17.92541181,394.3590599,28,10.93186403,S,474.1203469,8000,6000
447,08/01/2020,B,1,456.8661546,13.70598464,45.68661546,516.2587547,27,11.13331799,S,384.5895679,10000,6000
448,20/02/2020,B,0,397.0166573,63.52266517,39.70166573,500.2409882,41,6.784993809,S,281.7632448,9000,5000
449,14/03/2020,A,0,328.9530955,16.44765478,32.89530955,378.2960598,68,7.533283142,S,344.0503465,9000,7000
450,01/03/2020,B,0,385.2256154,30.81804923,19.26128077,435.3049454,42,7.756915429,S,471.4844138,6000,7000
451,26/02/2020,A,0,351.5173204,49.21242486,35.15173204,435.8814773,56,7.501509821,M,486.7113859,10000,7000
452,05/02/2020,A,0,620.921417,31.04607085,62.0921417,714.0596296,46,7.953778116,M,262.9412729,10000,9000
453,05/03/2020,B,1,361.8879525,7.23775905,36.18879525,405.3145068,41,6.163477157,M,326.9109591,9000,6000
454,22/01/2020,A,1,268.0274167,10.72109667,26.80274167,305.551255,42,9.491748705,M,212.3867674,10000,7000
455,29/01/2020,A,0,484.8616286,82.42647686,48.48616286,615.7742683,46,6.767977697,M,456.2744087,10000,10000
456,27/01/2020,A,0,424.8343421,67.97349474,42.48343421,535.291271,37,8.407629527,M,312.2412223,9000,7000
457,24/01/2020,B,0,564.4542894,90.3126863,56.44542894,711.2124046,46,8.699173163,M,239.5421525,10000,7000
458,14/03/2020,B,0,442.8103849,22.14051925,44.28103849,509.2319426,35,10.25712266,S,412.6931168,8000,7000
459,17/02/2020,B,0,448.7822281,31.41475597,44.87822281,525.0752069,42,7.731963354,S,9999,10000,7000
460,19/01/2020,B,0,412.7073363,33.0165869,41.27073363,486.9946568,43,8.600979634,S,417.1042647,10000,5000
461,03/01/2020,B,0,394.5379503,11.83613851,39.45379503,445.8278838,34,5.259446897,M,388.5401852,10000,5000
462,19/01/2020,B,0,328.5266399,13.1410656,32.85266399,374.5203695,26,7.748582794,S,433.98796,6000,5000
463,02/02/2020,A,1,396.5820436,27.76074305,39.65820436,464.000991,57,2.867433858,S,402.7466037,10000,7000
464,20/02/2020,A,0,356.3633427,49.89086798,35.63633427,441.8905449,50,9.026661618,D,276.0293502,8000,4000
465,04/02/2020,A,0,,0,23.98318549,23.98318549,39,8.004128238,S,314.4820525,7000,7000
466,04/03/2020,A,0,367.4474573,25.72132201,36.74474573,429.913525,35,9.952069377,M,556.3840369,9000,8000
467,31/03/2020,B,0,332.8469563,39.94163476,16.64234782,389.4309389,36,8.204713043,M,357.4343388,6000,7000
468,29/02/2020,A,1,387.5768373,73.63959909,38.75768373,499.9741201,51,9.44828317,D,353.3584889,6000,6000
469,09/02/2020,A,0,364.370296,47.36813848,18.2185148,429.9569493,41,8.48414559,M,433.4649632,6000,6000
470,06/03/2020,A,0,419.4375723,37.74938151,41.94375723,499.130711,64,3.799372044,D,342.2428358,15000,8000
471,17/01/2020,A,0,562.5823162,95.63899375,28.12911581,686.3504258,40,3.222978565,M,479.2627913,6000,8000
472,08/01/2020,A,0,385.7462205,65.57685749,38.57462205,489.8977,63,9.247317081,M,380.7057093,10000,7000
473,11/01/2020,A,0,416.273659,58.27831226,20.81368295,495.3656542,31,8.399499889,M,428.9693944,7000,7000
474,23/03/2020,A,0,441.6030943,39.74427849,44.16030943,525.5076822,31,9.319631321,M,293.066325,10000,7000
475,18/02/2020,A,0,455.7046444,36.45637155,45.57046444,537.7314804,49,4.595727113,M,321.6723881,8000,7000
476,30/03/2020,B,0,371.3462378,44.56154854,18.56731189,434.4750982,43,8.363719619,M,451.6638093,5000,7000
477,26/03/2020,A,0,386.7976706,58.01965059,38.67976706,483.4970883,43,6.972239771,S,435.1039876,6000,7000
478,16/01/2020,B,0,353.360445,38.86964895,35.3360445,427.5661385,37,7.977837643,S,320.9494896,8000,6000
479,30/03/2020,B,0,469.2997075,18.7719883,46.92997075,535.0016666,18,8.902469479,M,338.8156528,9000,9000
480,11/03/2020,A,1,399.8975949,23.99385569,39.98975949,463.8812101,24,5.693746646,S,171.2956714,9000,8000
481,29/02/2020,A,0,371.3978451,25.99784916,37.13978451,434.5354788,55,9.861054487,M,418.7003352,10000,6000
482,08/02/2020,B,0,544.2161939,27.2108097,54.42161939,625.848623,34,6.537382961,M,453.0446704,10000,8000
483,22/03/2020,B,1,453.3190426,36.26552341,22.66595213,512.2505181,43,5.248663819,M,320.07726,7000,9000
484,14/03/2020,A,0,328.35045,45.969063,32.835045,407.154558,32,9.314324316,M,393.424054,9000,5000
485,11/03/2020,A,0,509.0263545,86.53448027,25.45131772,621.0121525,37,7.367823488,M,370.1953434,7000,9000
486,15/01/2020,A,0,501.8121932,55.19934125,50.18121932,607.1927538,39,3.322717059,M,403.049677,10000,6000
487,12/01/2020,A,0,403.5618415,76.67674989,40.35618415,520.5947755,55,7.944299108,M,463.7042214,7000,8000
488,30/01/2020,A,0,491.8027072,83.60646022,49.18027072,624.5894381,52,8.787218429,M,,10000,8000
489,10/03/2020,A,0,296.4959584,56.3342321,14.82479792,367.6549884,36,7.902136914,D,289.4855497,6000,7000
490,30/01/2020,A,0,469.8950071,61.08635092,46.98950071,577.9708587,55,10.68532209,S,520.4746284,10000,7000
491,06/01/2020,B,0,474.632193,28.47793158,23.73160965,526.8417342,46,8.321571998,M,298.9446426,7000,7000
492,02/03/2020,B,0,484.8206723,4.848206723,48.48206723,538.1509463,49,10.07478622,M,492.9240277,6000,9000
493,28/02/2020,A,0,449.0385188,53.88462226,44.90385188,547.8269929,45,4.089043368,M,454.4201443,9000,6000
494,25/01/2020,B,0,552.6353922,22.10541569,55.26353922,630.0043471,54,3.715753348,M,373.2420963,10000,6000
495,21/03/2020,B,0,432.707607,8.65415214,43.2707607,484.6325198,45,7.646792742,M,439.0053446,10000,8000
496,23/03/2020,B,0,263.7597254,23.73837529,26.37597254,313.8740732,30,2.21534702,M,478.2792738,7000,6000
497,06/03/2020,A,0,541.3165593,48.71849034,54.13165593,644.1667056,42,9.608120931,M,436.6510997,10000,9000
498,09/01/2020,B,1,350.2045631,21.01227379,35.02045631,406.2372932,38,10.78723451,S,533.0128104,9000,5000
499,05/04/2020,B,0,439.7493631,21.98746816,43.97493631,505.7117676,58,6.801673351,M,462.6533342,10000,8000
500,07/04/2020,A,0,381.4438538,15.25775415,19.07219269,415.7738006,37,9.32302162,M,423.9734769,7000,8000
501,21/01/2020,A,0,361.5636002,50.61890403,18.07818001,430.2606842,48,4.447307257,M,332.227635,4000,7000
502,02/02/2020,B,0,466.8743041,42.01868737,23.3437152,532.2367067,39,7.982591429,M,395.3617438,8000,7000
503,16/03/2020,B,0,521.1179201,72.95650881,52.11179201,646.1862209,36,7.388708006,S,367.6185142,8000,6000
504,29/03/2020,A,1,543.894711,81.58420665,54.3894711,679.8683888,61,5.783882622,S,365.472826,10000,7000
505,15/01/2020,A,0,590.4833708,112.1918405,59.04833708,761.7235483,45,4.717019334,S,515.038491,9000,9000
506,06/03/2020,B,0,462.0096016,41.58086414,46.20096016,549.7914259,32,4.229221627,M,376.6278158,8000,7000
507,22/01/2020,B,0,457.4949776,27.44969866,45.74949776,530.694174,42,8.75220976,S,558.2121132,10000,5000
508,20/02/2020,B,1,350.2313239,17.5115662,35.02313239,402.7660225,30,7.477944347,S,494.7545782,10000,6000
509,02/01/2020,A,0,501.2161057,65.15809374,50.12161057,616.49581,36,9.39278935,D,456.9817932,9000,7000
510,21/03/2020,A,0,460.6168039,55.27401647,46.06168039,561.9525008,44,7.696932813,S,473.8216271,10000,6000
511,12/03/2020,B,0,431.7720038,73.40124065,21.58860019,526.7618446,54,9.128571867,M,308.8625066,8000,7000
512,14/02/2020,A,0,446.064503,84.75225557,44.6064503,575.4232089,69,2.600590256,S,343.5777752,8000,8000
513,13/02/2020,A,0,329.717476,36.26892236,32.9717476,398.958146,36,6.485935848,S,374.3422656,10000,5000
514,26/02/2020,A,0,290.3450948,14.51725474,14.51725474,319.3796043,32,4.003674093,S,398.2896669,7000,5000
515,27/01/2020,A,0,450.0606376,49.50667014,22.50303188,522.0703396,30,8.586229276,M,413.7196593,6000,8000
516,02/03/2020,A,0,307.3932822,49.18292515,30.73932822,387.3155356,45,12.73378092,M,361.0178393,8000,6000
517,05/01/2020,B,0,397.2865855,35.7557927,39.72865855,472.7710367,42,10.15873747,M,434.5864469,10000,7000
518,30/01/2020,B,0,479.6728285,23.98364143,47.96728285,551.6237528,36,8.744794369,S,380.6425495,8000,5000
519,07/02/2020,B,1,522.140773,83.54252368,52.2140773,657.897374,46,1.817622623,D,251.3137097,7000,7000
520,29/03/2020,B,0,479.5607227,52.7516795,47.95607227,580.2684745,48,11.13601456,M,449.4503502,8000,7000
521,03/04/2020,A,0,254.0823507,50.81647014,12.70411754,317.6029384,27,8.259670947,M,560.3155126,6000,7000
522,14/03/2020,A,0,547.0025108,109.4005022,54.70025108,711.103264,38,11.61634025,M,464.5075581,10000,8000
523,28/03/2020,B,0,591.8718348,17.75615504,59.18718348,668.8151733,44,6.525731724,D,371.2389771,10000,8000
524,05/02/2020,A,1,267.8899206,34.82568968,26.78899206,329.5046023,48,7.957995691,M,341.7087522,9000,7000
525,09/01/2020,B,0,521.585474,78.2378211,26.0792737,625.9025688,33,8.557494969,M,353.889579,8000,7000
526,10/01/2020,A,0,354.0068673,63.72123611,35.40068673,453.1287901,48,8.418405968,M,453.7309778,7000,
527,29/03/2020,B,0,440.2028123,26.41216874,22.01014062,488.6251217,46,5.497522635,S,499.1049992,6000,7000
528,04/04/2020,B,0,399.4887069,59.92330604,39.94887069,499.3608836,51,8.393494176,M,291.3929072,10000,6000
529,03/01/2020,A,0,357.7521277,17.88760639,17.88760639,393.5273405,39,10.15118331,M,343.9333697,6000,8000
530,22/03/2020,B,0,251.3696592,2.513696592,25.13696592,279.0203217,48,5.300170846,S,356.0410431,8000,7000
531,09/03/2020,A,0,377.5166328,30.20133062,37.75166328,445.4696267,42,7.273805315,S,503.926329,10000,6000
532,18/03/2020,A,0,460.4495103,23.02247552,46.04495103,529.5169368,39,6.799066017,M,462.0598773,15000,5000
533,06/04/2020,A,0,372.3574906,70.74792321,37.23574906,480.3411629,46,7.799807391,S,371.2052264,9000,7000
534,02/04/2020,B,0,322.0938181,16.10469091,32.20938181,370.4078908,39,9.287415636,S,,10000,7000
535,30/03/2020,A,0,468.503792,93.7007584,46.8503792,609.0549296,36,6.936378454,S,389.9235727,9000,7000
536,04/02/2020,B,0,466.0577635,37.28462108,46.60577635,549.9481609,50,8.669575648,S,320.7158759,8000,6000
537,06/03/2020,A,0,532.0976813,74.49367538,53.20976813,659.8011248,38,9.281157063,S,324.2468054,9000,8000
538,19/03/2020,B,0,254.7035001,40.75256002,12.73517501,308.1912351,41,7.831704338,D,447.3786174,6000,8000
539,05/02/2020,B,0,385.8453778,27.00917645,38.58453778,451.439092,35,9.919056718,D,433.9706288,10000,7000
540,08/03/2020,A,1,169.1407586,11.8398531,16.91407586,197.8946876,26,5.099406462,S,212.5771269,8000,4000
541,29/02/2020,B,0,521.9932685,57.41925954,52.19932685,631.6118549,61,7.386469696,M,295.5754905,9000,7000
542,28/01/2020,A,0,381.8433665,64.91337231,38.18433665,484.9410755,42,7.916097929,M,365.2040103,10000,7000
543,20/01/2020,A,0,422.2693318,54.89501313,42.22693318,519.3912781,29,8.585342052,D,494.3101494,7000,6000
544,07/01/2020,A,0,318.1378937,28.63241043,31.81378937,378.5840935,44,10.12718367,S,443.7961089,10000,6000
545,10/01/2020,A,0,370.5799529,66.70439152,37.05799529,474.3423397,44,5.799310919,S,380.7849572,7000,7000
546,10/04/2020,A,0,384.9548132,76.99096264,38.49548132,500.4412572,41,7.220565225,M,314.6473481,7000,7000
547,25/02/2020,B,0,558.1050771,22.32420308,55.81050771,636.2397879,61,6.509748681,S,477.444349,10000,9000
548,31/01/2020,A,0,384.3102924,34.58792632,38.43102924,457.329248,56,7.97348097,S,523.8420394,8000,7000
549,22/02/2020,A,0,327.530898,22.92716286,32.7530898,383.2111507,42,5.387456048,M,323.1575015,9000,7000
550,05/03/2020,B,0,344.5162057,51.67743086,34.45162057,430.6452571,49,8.848040889,S,403.879562,10000,8000
551,01/02/2020,A,0,470.5360299,18.8214412,47.05360299,536.4110741,55,10.28734222,S,490.9683188,10000,7000
552,29/01/2020,B,0,339.147563,44.08918319,33.9147563,417.1515025,60,5.349801007,M,434.0477558,7000,6000
553,07/02/2020,A,1,212.4087599,8.496350396,10.620438,231.5255483,47,6.807268593,S,327.0140934,8000,8000
554,24/01/2020,B,0,,0,35.39988639,35.39988639,40,8.780619834,M,565.5371937,10000,6000
555,19/02/2020,A,0,399.3967929,43.93364722,39.93967929,483.2701194,70,7.831320897,M,396.2545562,9000,4000
556,13/01/2020,B,0,312.6991803,46.90487705,31.26991803,390.8739754,29,10.28601493,S,436.2103446,8000,8000
557,08/02/2020,A,1,344.7884885,58.61404305,34.47884885,437.8813804,65,6.230134117,M,428.1082631,10000,8000
558,22/01/2020,B,1,207.4045252,4.148090504,20.74045252,232.2930682,21,7.406665387,S,412.5375388,6000,6000
559,24/03/2020,A,0,601.2730529,72.15276635,60.12730529,733.5531245,18,7.617378632,S,344.3458176,9000,8000
560,22/01/2020,A,0,432.8102952,25.96861771,43.28102952,502.0599424,47,5.739873736,S,439.0257482,10000,7000
561,07/01/2020,A,0,409.7973314,61.46959971,40.97973314,512.2466643,50,2.247620967,M,492.5875113,10000,7000
562,12/01/2020,B,0,371.795481,7.43590962,37.1795481,416.4109387,47,8.304112106,M,376.4646474,10000,6000
563,07/01/2020,B,0,,0,42.51445272,42.51445272,45,12.8980465,M,444.828804,9000,6000
564,06/01/2020,A,0,359.0605065,61.04028611,35.90605065,456.0068433,30,7.254893287,S,346.8780214,8000,7000
565,10/03/2020,B,0,431.3911943,38.82520749,21.56955971,491.7859615,42,7.157079586,S,385.3736917,6000,6000
566,11/03/2020,B,0,469.7167648,32.88017354,46.97167648,549.5686148,45,8.814357509,M,529.9611616,7000,7000
567,27/03/2020,B,0,368.8670216,55.33005324,36.88670216,461.083777,41,5.891513662,M,443.3898,8000,6000
568,03/01/2020,A,1,677.4378641,27.09751456,67.74378641,772.2791651,34,5.631169281,M,348.0859202,15000,9000
569,05/04/2020,B,0,216.6537409,32.49806114,21.66537409,270.8171761,20,5.980695525,M,375.1775325,9000,5000
570,22/02/2020,A,1,391.7727759,50.93046087,39.17727759,481.8805144,52,6.746054266,D,272.4041767,10000,6000
571,04/04/2020,B,0,455.9104998,13.67731499,45.59104998,515.1788648,44,8.420206433,S,323.1620757,8000,8000
572,07/04/2020,A,0,459.9731137,82.79516047,45.99731137,588.7655855,44,5.590741138,M,9999,10000,8000
573,06/01/2020,A,0,269.829226,16.18975356,13.4914613,299.5104409,32,6.593927118,M,465.2396569,6000,6000
574,06/03/2020,A,1,476.9253734,76.30805974,47.69253734,600.9259705,46,6.621632107,M,411.1204105,9000,7000
575,01/04/2020,B,0,416.7642169,33.34113735,41.67642169,491.7817759,42,11.4909902,D,410.0564452,8000,7000
576,23/02/2020,A,0,472.9308792,37.83447034,47.29308792,558.0584375,46,7.029561454,M,425.5931088,6000,9000
577,07/04/2020,B,0,470.8133243,32.9569327,47.08133243,550.8515894,41,10.97013484,D,388.4083999,8000,8000
578,26/02/2020,A,0,445.027235,17.8010894,44.5027235,507.3310479,65,6.556205042,M,235.3064027,10000,7000
579,06/01/2020,B,0,381.4451093,19.07225547,19.07225547,419.5896202,55,7.099936548,D,430.4942738,6000,7000
580,08/04/2020,A,0,361.6647775,32.54982998,36.16647775,430.3810852,41,5.316252833,M,304.4666847,8000,6000
581,25/03/2020,A,0,287.6009621,28.76009621,28.76009621,345.1211545,51,7.607694329,S,373.0341967,8000,6000
582,07/02/2020,A,0,462.1856123,27.73113674,46.21856123,536.1353103,40,8.335443959,M,529.859547,10000,6000
583,25/01/2020,A,0,422.688246,16.90752984,42.2688246,481.8646004,54,6.879767683,M,454.8418987,10000,8000
584,08/03/2020,A,0,457.7869968,50.35656965,45.77869968,553.9222661,60,6.506326921,S,353.1242987,10000,6000
585,07/02/2020,A,0,428.3791852,42.83791852,21.41895926,492.636063,40,7.430301158,M,491.0757382,5000,7000
586,26/01/2020,A,0,429.5136912,17.18054765,42.95136912,489.645608,51,7.421638687,S,306.8599489,10000,8000
587,05/04/2020,B,0,361.3805773,7.227611546,36.13805773,404.7462466,37,8.645804676,M,408.3154183,8000,8000
588,06/02/2020,B,0,318.1644945,28.63480451,31.81644945,378.6157485,35,9.980286339,M,354.2709163,8000,6000
589,23/01/2020,A,0,421.6946788,46.38641467,42.16946788,510.2505613,46,10.5366738,M,290.9698861,10000,8000
590,06/03/2020,B,0,,0,29.69515232,29.69515232,18,7.665004423,S,369.5561236,7000,6000
591,06/02/2020,B,0,455.1471615,31.86030131,45.51471615,532.522179,39,9.618152134,M,293.2173373,8000,7000
592,29/01/2020,A,0,253.0531878,50.61063756,12.65265939,316.3164848,48,7.137831021,M,552.6689931,5000,8000
593,05/04/2020,B,0,539.204746,91.66480682,26.9602373,657.8297901,50,6.871270265,S,477.4982368,8000,6000
594,03/03/2020,B,1,536.29499,21.4517996,53.629499,611.3762886,52,7.562529334,M,299.7452396,9000,7000
595,29/02/2020,B,0,309.3877659,52.5959202,30.93877659,392.9224627,37,5.383677434,M,387.4085115,9000,6000
596,13/02/2020,B,1,491.0119531,4.910119531,49.10119531,545.0232679,60,3.670781053,S,376.4959492,8000,6000
597,08/01/2020,A,0,423.581114,25.41486684,42.3581114,491.3540922,43,4.586425092,M,331.5097165,15000,7000
598,07/03/2020,A,0,383.1076572,61.29722515,38.31076572,482.7156481,46,6.20792096,S,357.7176041,10000,8000
599,30/01/2020,A,0,403.1622074,28.22135452,40.31622074,471.6997827,35,7.069196278,M,416.3695894,8000,6000
600,21/01/2020,A,1,447.8947334,89.57894668,44.78947334,582.2631534,49,8.287093498,M,434.7046378,,7000
601,11/03/2020,A,0,570.7465761,97.02691794,57.07465761,724.8481516,39,10.9755913,M,387.5072483,10000,7000
602,26/03/2020,B,1,403.4584505,60.51876758,20.17292252,484.1501406,50,10.37997424,S,377.7478875,6000,5000
603,24/02/2020,B,0,452.9845158,45.29845158,22.64922579,520.9321932,30,5.766587257,D,515.3980715,6000,6000
604,08/02/2020,B,0,307.6929349,21.53850544,15.38464674,344.6160871,45,7.460575365,S,476.7867282,6000,8000
605,09/03/2020,A,0,233.9438097,46.78876194,11.69719049,292.4297621,30,8.96326821,M,,6000,8000
606,17/02/2020,A,0,530.6257048,26.53128524,53.06257048,610.2195605,38,8.416774846,D,366.7333509,10000,7000
607,22/02/2020,B,1,360.2276507,32.42048856,36.02276507,428.6709043,44,7.814194928,S,360.547339,8000,6000
608,06/01/2020,A,0,337.3055872,64.08806157,33.73055872,435.1242075,34,6.816195534,S,441.0264899,10000,5000
609,28/03/2020,B,0,,0,18.29102822,18.29102822,37,7.471789275,M,550.5858734,5000,5000
610,20/01/2020,A,0,450.0435626,36.00348501,22.50217813,508.5492257,57,3.145761303,M,406.1348326,8000,8000
611,09/02/2020,A,0,225.5282329,33.82923494,22.55282329,281.9102911,36,8.385339502,S,470.3572411,7000,5000
612,12/03/2020,B,0,467.734823,60.80552699,46.7734823,575.3138323,35,6.975528297,M,435.5936705,9000,5000
613,17/03/2020,A,0,541.3909331,21.65563732,54.13909331,617.1856637,57,8.782952375,,396.1554075,15000,9000
614,06/01/2020,B,0,540.6537286,10.81307457,54.06537286,605.532176,29,11.19465864,M,413.2934709,9000,7000
615,01/02/2020,A,0,491.426922,88.45684596,49.1426922,629.0264602,49,5.14134123,S,314.9920827,9000,8000
616,20/01/2020,A,0,458.5661479,45.85661479,45.85661479,550.2793775,44,8.007581412,D,279.6305459,10000,7000
617,02/02/2020,A,0,487.3074002,34.11151801,48.73074002,570.1496582,39,8.315468532,S,352.3028156,10000,8000
618,23/03/2020,A,0,420.628722,21.0314361,42.0628722,483.7230303,39,6.623442436,M,244.45437,7000,7000
619,22/01/2020,A,0,523.3149052,78.49723578,52.33149052,654.1436315,32,5.695616544,S,287.3378438,9000,7000
620,13/03/2020,B,0,473.6629862,4.736629862,47.36629862,525.7659147,35,10.37747247,M,185.0981367,8000,8000
621,30/03/2020,A,0,478.7222034,95.74444068,47.87222034,622.3388644,54,11.25230477,M,527.6452224,9000,9000
622,21/02/2020,B,0,459.5523171,45.95523171,45.95523171,551.4627805,44,5.876714136,S,461.2823816,7000,7000
623,01/02/2020,B,0,198.0210119,15.84168095,19.80210119,233.664794,44,6.177439961,M,365.044221,6000,7000
624,10/01/2020,A,0,420.6080034,50.47296041,42.06080034,513.1417641,56,7.828682662,S,446.6871792,7000,6000
625,19/03/2020,A,0,201.6740853,24.20089024,20.16740853,246.0423841,34,10.35490606,S,512.6532307,6000,5000
626,26/03/2020,B,0,450.1754711,18.00701884,45.01754711,513.2000371,33,5.375057289,S,291.9329832,7000,8000
627,24/02/2020,A,1,229.3677034,11.46838517,11.46838517,252.3044737,37,10.71323914,M,393.3641774,5000,7000
628,09/02/2020,A,0,299.8005536,41.9720775,14.99002768,356.7626588,28,8.126087334,M,347.9967908,7000,5000
629,28/03/2020,B,0,340.5443918,51.08165877,34.05443918,425.6804898,38,6.487928244,M,373.9140359,9000,7000
630,18/01/2020,B,0,476.7653308,57.2118397,23.83826654,557.815437,47,5.591578814,S,301.1751979,7000,5000
631,01/03/2020,B,0,622.5586214,62.25586214,62.25586214,747.0703457,25,7.729381009,M,501.3121477,9000,10000
632,15/02/2020,A,0,443.1189849,88.62379698,44.31189849,576.0546804,40,9.808793282,S,395.9062655,10000,7000
633,25/03/2020,A,0,296.9522506,20.78665754,14.84761253,332.5865207,38,6.603062862,S,457.0964863,6000,6000
634,14/01/2020,B,0,349.0275535,34.90275535,34.90275535,418.8330642,42,6.718363264,S,293.432603,10000,6000
635,07/02/2020,B,0,476.9581364,52.465395,47.69581364,577.119345,37,9.55804008,S,445.7684868,9000,7000
636,26/03/2020,B,0,518.3936569,25.91968285,51.83936569,596.1527054,44,3.861001813,M,374.525438,8000,9000
637,09/03/2020,A,0,389.5378638,23.37227183,19.47689319,432.3870288,44,8.43819939,M,494.8402194,5000,6000
638,05/04/2020,B,0,414.1115583,62.11673375,41.41115583,517.6394479,41,6.36773161,M,322.1193809,10000,7000
639,04/01/2020,A,0,289.195035,54.94705665,28.9195035,373.0615952,37,7.373437811,M,415.7338243,5000,5000
640,31/01/2020,A,0,410.6184446,69.80513558,41.06184446,521.4854246,40,8.917719844,M,405.7217663,10000,9000
641,01/02/2020,A,0,392.1078341,66.6583318,39.21078341,497.9769493,44,5.951800463,M,501.7415832,9000,8000
642,14/02/2020,A,0,313.8069338,37.65683206,31.38069338,382.8444592,35,11.88855852,M,397.6657642,6000,8000
643,05/02/2020,A,0,346.8731278,69.37462556,34.68731278,450.9350661,42,5.349022542,S,327.5174788,7000,7000
644,13/01/2020,A,0,436.86907,83.0051233,43.686907,563.5611003,48,9.463712174,S,510.5273546,10000,5000
645,04/04/2020,B,1,481.6362688,57.79635226,48.16362688,587.5962479,28,10.24337229,M,386.7097319,9000,4000
646,01/02/2020,B,0,387.6179681,54.26651553,38.76179681,480.6462804,34,8.827486953,,475.0349528,10000,6000
647,06/02/2020,B,0,510.9633455,51.09633455,51.09633455,613.1560146,44,11.858573,D,518.701019,9000,8000
648,30/03/2020,A,0,305.251274,27.47261466,30.5251274,363.2490161,37,8.735891263,M,376.5659223,8000,4000
649,01/03/2020,A,0,393.2095892,15.72838357,39.32095892,448.2589317,52,4.154684998,S,412.6401926,10000,7000
650,07/04/2020,A,0,435.4217013,17.41686805,43.54217013,496.3807395,46,6.083270408,M,468.3358898,10000,7000
651,30/03/2020,A,0,443.1626029,39.88463426,22.15813015,505.2053673,37,5.901568203,M,328.1631507,5000,9000
652,01/03/2020,A,0,335.6872579,50.35308869,33.56872579,419.6090724,42,7.267443251,S,319.5165343,7000,7000
653,11/03/2020,B,1,371.5261967,26.00683377,37.15261967,434.6856501,46,4.283228317,M,349.1475673,8000,5000
654,10/04/2020,B,0,398.7699642,7.975399284,39.87699642,446.6223599,41,6.5612662,M,476.6780027,8000,4000
655,02/03/2020,B,0,352.2093239,21.13255943,35.22093239,408.5628157,32,5.519144193,S,357.4179303,8000,8000
656,10/04/2020,A,0,298.7247476,38.83421719,29.87247476,367.4314395,23,4.420138613,M,349.5214109,8000,9000
657,03/01/2020,A,0,256.1642708,48.67121145,25.61642708,330.4519093,40,9.1618351,M,397.7704667,10000,4000
658,05/04/2020,B,0,417.0906833,33.36725466,41.70906833,492.1670063,39,7.582281616,D,366.6039144,8000,8000
659,03/04/2020,A,0,561.3241215,22.45296486,56.13241215,639.9094985,35,5.271585656,D,422.2107484,15000,8000
660,21/03/2020,A,0,240.3721928,16.8260535,12.01860964,269.2168559,63,10.00534548,M,326.2577527,6000,7000
661,19/01/2020,A,1,335.110843,50.26662645,33.5110843,418.8885538,31,8.591157765,M,335.1796983,7000,6000
662,28/01/2020,A,0,411.0795108,53.4403364,41.10795108,505.6277983,69,7.636766427,M,449.179359,10000,8000
663,22/01/2020,A,0,479.6543891,38.37235113,47.96543891,565.9921791,54,6.230231627,S,368.8146708,9000,6000
664,23/01/2020,B,0,336.4946839,30.28452155,33.64946839,400.4286738,67,8.415684212,M,457.470027,9000,7000
665,03/01/2020,B,0,268.9061286,5.378122572,13.44530643,287.7295576,30,10.24450328,S,431.0396238,5000,7000
666,02/04/2020,A,0,473.8130926,85.28635667,47.38130926,606.4807585,28,11.31289561,D,494.1524317,15000,7000
667,30/01/2020,A,0,627.5149857,75.30179828,62.75149857,765.5682826,38,11.23363043,S,465.4464128,10000,8000
668,06/04/2020,A,0,340.1602135,64.63044057,34.01602135,438.8066754,52,9.586301678,M,437.9513311,8000,6000
669,08/04/2020,B,0,519.2056546,88.26496128,51.92056546,659.3911813,44,9.156397694,S,420.3196003,9000,8000
670,03/02/2020,A,0,391.8774482,43.1065193,19.59387241,454.5778399,35,10.10188111,M,418.4962587,6000,7000
671,11/02/2020,B,0,432.4274733,73.51267046,43.24274733,549.1828911,51,4.585959967,S,309.640064,9000,7000
672,07/01/2020,A,0,490.5400453,24.52700227,49.05400453,564.1210521,40,8.550899682,D,309.3797036,9000,6000
673,23/02/2020,B,0,474.8693208,61.7330117,47.48693208,584.0892646,28,10.11254181,M,427.3411735,10000,7000
674,20/03/2020,A,0,492.722643,64.05394359,49.2722643,606.0488509,18,11.19899783,M,240.2982706,15000,8000
675,15/02/2020,B,1,357.4435445,60.76540257,17.87217722,436.0811243,38,4.693323198,S,,6000,5000
676,05/01/2020,A,0,377.5749368,60.41198989,37.75749368,475.7444204,26,8.477873035,S,399.8825586,6000,8000
677,05/04/2020,A,1,366.5196226,69.63872829,18.32598113,454.484332,45,8.047255444,M,263.7291111,7000,7000
678,22/03/2020,B,0,391.4676287,58.72014431,19.57338144,469.7611544,28,7.829281343,M,493.0005285,8000,6000
679,03/02/2020,A,0,345.8574381,58.79576448,17.2928719,421.9460745,42,8.252411891,S,441.4457355,7000,4000
680,31/01/2020,B,1,275.0995937,35.76294718,13.75497968,324.6175206,23,3.402690948,M,408.99329,5000,6000
681,08/04/2020,B,1,443.7920557,22.18960279,22.18960278,488.1712613,39,9.788097072,S,478.5508169,7000,4000
682,20/01/2020,A,0,348.8692382,41.86430858,34.88692382,425.6204706,47,5.670658061,,362.3739166,6000,7000
683,07/03/2020,A,0,381.6278202,57.24417303,19.08139101,457.9533842,44,9.395771214,M,336.8278148,6000,8000
684,29/02/2020,A,0,342.5698812,61.66257862,34.25698812,438.4894479,59,7.456478328,S,443.9266431,10000,9000
685,02/02/2020,B,0,394.4323468,35.49891121,39.44323468,469.3744927,36,6.800601466,M,368.1508694,9000,8000
686,16/02/2020,B,0,442.0986901,17.6839476,44.20986901,503.9925067,47,5.999929044,S,487.7640392,10000,7000
687,04/04/2020,B,0,525.3349762,26.26674881,26.26674881,577.8684738,44,11.51926251,S,278.9025034,7000,9000
688,28/03/2020,A,0,430.8344177,68.93350683,43.08344177,542.8513663,51,10.45419532,S,310.0114871,7000,8000
689,05/01/2020,B,0,703.8211122,105.5731668,70.38211122,879.7763903,55,10.23758978,S,542.0108859,10000,10000
690,25/03/2020,A,0,283.7915244,42.56872866,28.37915244,354.7394055,44,5.231779962,S,317.3659457,7000,5000
691,24/03/2020,A,0,614.4391247,61.44391247,61.44391247,737.3269496,32,7.659802854,M,422.0133448,10000,7000
692,07/03/2020,A,0,470.9984235,23.54992118,47.09984235,541.648187,34,7.80160133,M,,9000,8000
693,06/02/2020,A,0,406.8883965,52.89549155,40.68883965,500.4727277,57,10.161857,S,423.6987932,9000,8000
694,16/01/2020,B,0,429.8469732,25.79081839,42.98469732,498.6224889,50,8.052159061,S,416.6319222,8000,6000
695,17/01/2020,A,0,482.1890889,96.43781778,48.21890889,626.8458156,52,6.268040375,S,298.9321473,10000,6000
696,12/01/2020,A,0,,0,20.10286617,20.10286617,45,5.598442858,M,383.300211,7000,6000
697,04/02/2020,B,0,411.1939121,32.89551297,41.11939121,485.2088163,59,7.994922705,S,307.8883601,9000,5000
698,29/02/2020,A,0,578.6507058,81.01109881,57.86507058,717.5268752,42,7.293804381,S,502.1705832,9000,9000
699,05/02/2020,B,1,321.4524479,25.71619583,16.0726224,363.2412661,45,7.594712286,S,494.2795123,7000,8000
700,08/02/2020,A,0,245.7794687,9.831178748,24.57794687,280.1885943,36,8.856707826,M,337.8463279,8000,8000
701,22/03/2020,A,0,523.1966002,41.85572802,52.31966002,617.3719882,34,8.703776926,S,587.1301402,15000,7000
702,02/03/2020,A,1,593.1420271,83.03988379,59.31420271,735.4961136,48,5.58015059,M,411.5462976,7000,8000
703,12/01/2020,A,0,328.1159368,16.40579684,32.81159368,377.3333273,39,5.648366239,S,352.4034231,8000,
704,02/02/2020,A,0,325.8800866,32.58800866,32.58800866,391.0561039,24,5.939202816,D,477.0715924,10000,9000
705,25/02/2020,A,0,246.6804735,44.40248523,24.66804735,315.7510061,39,5.425511832,M,347.0683282,10000,7000
706,05/01/2020,A,0,501.1383707,30.06830224,50.11383707,581.32051,26,8.947298735,M,303.4014135,10000,6000
707,08/03/2020,A,0,489.2829082,78.28526531,24.46414541,592.0323189,53,7.311670411,S,467.3409685,6000,7000
708,03/03/2020,B,0,469.2543146,18.77017258,23.46271573,511.4872029,44,6.207315675,M,367.9138893,5000,10000
709,18/03/2020,A,0,520.3180083,57.23498091,26.01590041,603.5688896,63,11.40135155,S,478.477335,7000,8000
710,10/03/2020,B,0,410.614454,12.31843362,41.0614454,463.994333,33,6.463676835,D,372.4934564,7000,7000
711,10/04/2020,B,0,391.8409949,62.69455918,39.18409949,493.7196536,36,5.636255244,M,317.9225029,10000,6000
712,04/01/2020,B,0,392.3403626,62.77445802,39.23403626,494.3488569,44,8.714821337,S,324.6797983,10000,7000
713,24/02/2020,B,0,551.480382,11.02960764,55.1480382,617.6580278,24,8.445736185,M,368.9151364,10000,9000
714,05/02/2020,A,1,459.5423992,87.31305585,45.95423992,592.809695,41,11.01646998,S,318.2810579,10000,8000
715,27/02/2020,B,0,337.9398138,23.65578697,33.79398138,395.3895821,29,7.795622301,M,433.5579862,10000,6000
716,14/03/2020,A,1,436.3518121,43.63518121,43.63518121,523.6221745,34,6.056304827,D,409.9153899,9000,9000
717,29/02/2020,B,0,296.7727981,17.80636789,29.67727981,344.2564458,44,8.402592911,M,472.7534611,5000,8000
718,06/03/2020,A,0,455.2996614,86.50693567,45.52996614,587.3365632,49,10.50005804,S,448.1567242,7000,7000
719,10/02/2020,B,0,371.9723899,22.31834339,37.19723899,431.4879723,47,6.200228465,M,335.328075,7000,5000
720,16/03/2020,A,0,459.2543248,50.51797573,22.96271624,532.7350168,60,9.131114004,M,342.0463885,7000,8000
721,26/03/2020,A,0,412.4933827,49.49920592,41.24933827,503.2419269,47,10.02867159,M,342.9504148,9000,6000
722,07/03/2020,A,0,355.2690413,35.52690413,35.52690413,426.3228496,38,9.90726038,S,267.4237217,6000,7000
723,13/02/2020,A,0,408.6180075,36.77562068,40.86180075,486.2554289,37,9.413013133,M,380.5407336,9000,7000
724,24/01/2020,B,0,406.4037551,24.38422531,40.64037551,471.4283559,43,8.762650717,S,359.2594401,10000,8000
725,18/03/2020,B,0,323.8256127,42.09732965,32.38256127,398.3055036,29,9.588647836,S,327.0531253,8000,7000
726,09/03/2020,A,0,342.7828075,27.4226246,17.13914038,387.3445725,40,9.384081649,D,445.3604636,6000,8000
727,15/01/2020,B,0,505.6315852,70.78842193,50.56315852,626.9831656,40,12.84737374,M,489.0471995,9000,6000
728,25/03/2020,B,1,214.373387,2.14373387,21.4373387,237.9544596,30,7.152555208,S,389.0120978,6000,7000
729,28/02/2020,A,0,466.2467542,41.96220788,46.62467542,554.8336375,26,9.71156025,M,384.999854,10000,8000
730,01/03/2020,A,1,214.1779664,40.69381362,10.70889832,265.5806783,28,12.03870873,S,449.6567407,6000,6000
731,13/02/2020,B,0,398.6345419,11.95903626,39.86345419,450.4570323,55,7.533741406,S,289.2824348,9000,6000
732,21/03/2020,B,0,457.9974902,36.63979922,22.89987451,517.5371639,41,10.81984833,M,261.3970587,6000,7000
733,31/03/2020,A,1,458.4120573,59.59356745,45.84120573,563.8468305,48,8.372913848,M,347.9745034,10000,6000
734,30/01/2020,A,0,201.971072,16.15768576,20.1971072,238.325865,47,7.350549762,M,459.1908392,9000,8000
735,02/04/2020,B,1,475.7274461,66.60184245,47.57274461,589.9020332,54,7.665043404,M,460.7612085,10000,6000
736,23/01/2020,A,0,503.0120683,80.48193093,50.30120683,633.7952061,36,9.126420497,M,531.2200275,9000,6000
737,03/01/2020,A,0,599.1210333,65.90331366,29.95605167,694.9803986,47,9.323804053,S,290.0340086,7000,9000
738,05/04/2020,A,0,521.5543927,52.15543927,26.07771963,599.7875516,38,8.50924071,M,429.8594736,7000,8000
739,08/04/2020,B,0,,0,50.73823901,50.73823901,47,9.914183459,M,444.0101077,7000,9000
740,17/02/2020,A,0,404.6639055,52.60630772,40.46639055,497.7366038,39,7.690643716,S,507.4383346,9000,7000
741,24/01/2020,A,0,315.5328479,44.17459871,15.7766424,375.484089,43,6.946723252,S,434.7672776,5000,9000
742,29/03/2020,B,0,379.9791258,64.59645139,37.99791258,482.5734898,36,6.458204339,M,284.6853098,8000,8000
743,30/03/2020,B,0,277.2678055,5.54535611,27.72678055,310.5399422,34,9.533898739,S,337.8913825,7000,5000
744,08/02/2020,A,0,422.2141199,59.10997679,42.22141199,523.5455087,49,7.004478471,S,318.6282963,9000,5000
745,27/02/2020,A,0,486.9618811,87.6531386,48.69618811,623.3112078,62,8.822794558,M,399.6013219,10000,8000
746,31/03/2020,A,0,443.8206278,17.75282511,44.38206278,505.9555157,47,10.14911406,D,408.7247389,10000,6000
747,01/04/2020,B,0,269.0700349,29.59770384,26.90700349,325.5747422,39,9.13406464,M,416.5738631,8000,7000
748,05/04/2020,A,1,375.2026143,67.53647057,18.76013072,461.4992156,51,9.640848231,M,380.6632335,6000,6000
749,30/03/2020,B,1,446.8183382,40.21365044,44.68183382,531.7138225,50,7.359403382,M,383.0366182,9000,7000
750,09/01/2020,A,0,416.6273329,54.16155328,20.83136665,491.6202528,37,7.354689168,S,281.8625613,6000,7000
751,21/02/2020,A,0,348.3374352,27.86699482,34.83374352,411.0381735,38,10.08196377,D,442.1429693,8000,5000
752,02/01/2020,A,0,571.1880657,68.54256788,57.11880657,696.8494402,62,8.874079573,M,432.9958303,15000,
753,02/04/2020,B,0,325.4880589,9.764641767,32.54880589,367.8015066,42,10.5039873,M,436.0519745,7000,8000
754,24/02/2020,A,0,425.3079618,55.29003503,42.53079618,523.128793,42,7.981686435,M,433.9627858,9000,5000
755,28/03/2020,A,1,426.1509746,59.66113644,42.61509746,528.4272085,49,9.067058274,M,448.6688443,10000,8000
756,28/02/2020,B,0,465.5689961,79.14672934,46.55689961,591.272625,47,6.480374755,M,462.0362071,8000,7000
757,19/02/2020,A,0,285.0768007,17.10460804,28.50768007,330.6890888,43,9.201376923,S,468.5380837,8000,5000
758,21/03/2020,B,1,395.9580002,27.71706001,39.59580002,463.2708602,41,8.730961792,M,480.2472401,7000,6000
759,08/01/2020,A,0,497.6287731,44.78658958,49.76287731,592.17824,29,9.508617906,S,472.0356039,8000,7000
760,19/01/2020,A,0,430.2131776,81.74050374,43.02131776,554.9749991,46,6.216164377,S,405.7118361,9000,6000
761,25/03/2020,B,0,566.0545866,90.56873386,28.30272933,684.9260498,32,10.1517885,S,287.5732556,8000,7000
762,28/01/2020,B,0,460.4856227,41.44370604,46.04856227,547.977891,41,6.259186761,S,405.3899944,7000,7000
763,16/03/2020,B,0,499.1239274,74.86858911,49.91239274,623.9049093,46,6.037543289,S,390.9206317,7000,7000
764,20/02/2020,A,1,414.7699982,78.80629966,41.47699982,535.0532977,55,8.272901653,S,398.5123241,9000,8000
765,23/02/2020,A,0,328.2108075,52.5137292,32.82108075,413.5456175,22,9.401283381,M,426.8578656,8000,7000
766,10/03/2020,A,1,355.2042003,49.72858804,35.52042003,440.4532084,41,6.801049764,S,453.5498279,7000,4000
767,18/01/2020,A,0,334.9916656,50.24874984,16.74958328,401.9899987,37,4.811341965,M,468.6624837,6000,6000
768,03/01/2020,B,0,383.8160077,23.02896046,19.19080039,426.0357686,31,5.711883178,S,396.82316,7000,5000
769,19/01/2020,A,0,383.8271898,61.41235037,38.38271898,483.6222591,51,8.134483274,S,425.7502072,10000,7000
770,29/01/2020,B,1,583.2389201,99.15061642,58.32389201,740.7134285,68,9.499823374,S,424.3699078,10000,10000
771,20/03/2020,A,0,430.8855094,64.63282641,43.08855094,538.6068868,53,7.607820164,S,242.1490777,10000,7000
772,24/03/2020,B,0,473.2594474,80.45410606,23.66297237,577.3765258,26,7.625670505,S,378.2772615,7000,8000
773,17/02/2020,A,0,458.7133621,68.80700432,22.9356681,550.4560345,38,10.08391612,S,282.9235476,8000,7000
774,07/01/2020,B,0,233.5329793,21.01796814,23.35329793,277.9042454,26,3.534101487,S,416.2965399,8000,6000
775,23/01/2020,A,0,507.4228474,55.81651321,50.74228474,613.9816454,40,5.839932417,M,536.5695248,15000,7000
776,12/01/2020,A,0,410.1849036,41.01849036,41.01849036,492.2218843,56,5.711540082,M,475.2556949,10000,4000
777,23/02/2020,B,0,588.6696419,52.98026777,58.86696419,700.5168739,42,4.719336721,D,325.8499801,10000,7000
778,21/03/2020,A,0,502.2961653,45.20665488,50.22961653,597.7324367,27,5.299870346,D,504.2850163,10000,9000
779,19/01/2020,A,0,319.4430793,31.94430793,15.97215396,367.3595412,43,6.121896271,M,334.322243,8000,4000
780,17/02/2020,A,0,404.9850107,56.6979015,40.49850107,502.1814133,34,9.382386416,M,473.7353456,10000,6000
781,26/01/2020,A,0,444.876607,40.03889463,44.4876607,529.4031623,41,10.65051217,M,371.687329,10000,7000
782,24/02/2020,B,0,436.6022491,39.29420242,43.66022491,519.5566764,49,7.644261775,M,387.3388454,10000,8000
783,29/02/2020,B,0,468.9313394,14.06794018,46.89313394,529.8924135,56,8.773895048,S,479.9778257,10000,7000
784,12/03/2020,B,0,528.012904,68.64167752,52.8012904,649.4558719,31,9.713853607,M,396.5297457,8000,9000
785,03/02/2020,A,0,432.0756667,43.20756667,43.20756667,518.4908,57,9.738289028,D,399.1282821,9000,5000
786,02/03/2020,A,0,391.3376891,43.0471458,19.56688446,453.9517194,23,7.16393871,M,384.1600333,9000,9000
787,06/03/2020,B,0,357.8696426,46.52305354,35.78696426,440.1796604,34,8.909640724,M,489.7266408,8000,6000
788,22/03/2020,A,0,270.9959156,21.67967325,27.09959156,319.7751804,31,6.211761556,M,292.0476513,8000,8000
789,17/02/2020,A,0,740.0143104,133.2025759,74.00143104,947.2183173,39,8.14692226,S,380.3307732,9000,8000
790,01/03/2020,A,0,352.2857039,17.6142852,17.6142852,387.5142743,43,5.885337716,M,334.0359632,7000,6000
791,01/03/2020,B,0,484.8023313,43.63220982,48.48023313,576.9147742,38,7.290191923,M,342.932226,7000,7000
792,24/01/2020,B,0,427.448027,25.64688162,42.7448027,495.8397113,38,9.536913309,M,335.3752345,10000,6000
793,15/03/2020,B,0,344.7211908,55.15539053,34.47211908,434.3487004,48,7.159831163,S,378.553797,9000,7000
794,03/04/2020,A,0,349.4303076,34.94303076,34.94303076,419.3163691,56,11.2035447,M,523.5230748,15000,6000
795,24/02/2020,A,0,387.4238382,46.49086058,38.74238382,472.6570826,61,7.494528922,S,501.136066,8000,7000
796,03/03/2020,B,0,528.6541841,63.43850209,52.86541841,644.9581046,34,6.944585095,S,490.8066373,8000,7000
797,08/04/2020,B,0,410.8050211,61.62075317,41.08050211,513.5062764,40,9.404619428,S,314.073622,8000,7000
798,23/01/2020,A,0,436.9926206,69.9188193,43.69926206,550.610702,35,9.999545192,M,429.8785584,9000,5000
799,05/04/2020,B,0,361.4683076,21.68809846,36.14683076,419.3032368,39,8.031124075,D,404.8328848,9000,7000
800,13/02/2020,B,0,194.2322713,23.30787256,19.42322713,236.963371,52,8.612566781,D,406.7712599,7000,7000
801,23/01/2020,A,0,402.559651,64.40954416,40.2559651,507.2251603,28,8.85431875,M,375.2430941,8000,7000
802,11/01/2020,A,0,345.2110369,17.26055185,17.26055184,379.7321406,33,7.032038496,S,586.5637647,6000,4000
803,25/01/2020,A,0,468.3930483,93.67860966,23.41965242,585.4913104,45,6.549061591,S,508.1297923,6000,9000
804,16/02/2020,A,0,474.7599599,18.9903984,47.47599599,541.2263543,41,6.526007841,S,532.5559519,10000,9000
805,09/02/2020,A,0,394.8951128,15.79580451,39.48951128,450.1804286,52,,S,283.1019098,10000,8000
806,29/03/2020,A,0,394.6177218,19.73088609,39.46177218,453.8103801,44,8.547697412,M,391.0836423,10000,5000
807,27/01/2020,A,1,515.4233604,61.85080325,51.54233604,628.8164997,31,8.409387881,M,397.672522,7000,7000
808,07/03/2020,B,0,475.9882052,47.59882052,23.79941026,547.386436,30,7.000220298,S,498.3721583,7000,7000
809,05/03/2020,A,0,457.3120075,82.31616135,45.73120075,585.3593696,47,8.153632234,M,382.979175,9000,8000
810,14/02/2020,B,0,380.6569926,22.83941956,38.06569926,441.5621114,34,6.044260733,M,359.9432996,9000,6000
811,01/04/2020,B,0,411.2245895,32.89796716,41.12245895,485.2450156,36,8.37616866,D,402.265631,8000,7000
812,05/02/2020,A,0,355.9748962,28.4779917,35.59748962,420.0503775,38,7.431823199,M,317.0975345,8000,7000
813,21/02/2020,A,0,407.7625004,57.08675006,40.77625004,505.6255005,45,7.107301109,S,336.8180978,8000,8000
814,26/02/2020,A,0,404.6527018,28.32568913,40.46527018,473.4436611,26,10.85420721,D,491.1223157,8000,5000
815,08/01/2020,A,1,252.3625991,42.90164185,25.23625991,320.5005009,38,8.383265777,S,300.17533,8000,7000
816,28/02/2020,B,1,393.0787138,55.03101993,39.30787138,487.4176051,50,12.20350153,M,464.6383076,8000,9000
817,06/01/2020,A,0,634.4572374,82.47944086,63.44572374,780.382402,26,10.39234523,D,401.1408831,,8000
818,13/03/2020,A,0,408.6110633,20.43055317,40.86110633,469.9027228,67,9.620386447,M,320.6448795,9000,6000
819,12/03/2020,B,0,246.9882503,29.63859004,24.69882503,301.3256654,42,10.26715161,S,431.1094687,10000,7000
820,19/01/2020,A,0,595.2692841,77.38500693,59.52692841,732.1812194,53,8.148437205,D,497.9115666,10000,10000
821,07/01/2020,A,0,358.56904,71.713808,35.856904,466.139752,46,7.710684835,S,264.5245622,5000,7000
822,11/03/2020,A,0,408.9139824,53.15881771,20.44569912,482.5184992,38,8.557154011,M,573.9697463,6000,7000
823,17/03/2020,A,0,551.3163931,88.2106229,55.13163931,694.6586553,61,8.077095567,S,411.2563929,10000,8000
824,08/02/2020,A,0,337.2009552,13.48803821,33.72009552,384.4090889,50,8.710094658,S,394.6025869,10000,7000
825,18/03/2020,A,0,407.9794495,48.95753394,40.79794495,497.7349284,47,12.10007545,S,442.6462708,8000,6000
826,17/01/2020,A,0,367.0348448,18.35174224,18.35174224,403.7383293,39,8.419965127,D,491.7444506,6000,9000
827,07/04/2020,A,0,414.2526182,70.42294509,41.42526182,526.1008251,45,4.860620918,S,423.9007098,9000,6000
828,31/01/2020,B,0,268.8088465,43.00941544,13.44044233,325.2587043,31,7.207643571,M,369.3816986,5000,7000
829,04/04/2020,B,0,452.1098486,58.77428032,45.21098486,556.0951138,52,5.954098796,S,491.4869946,10000,8000
830,04/03/2020,B,0,154.1412904,1.541412904,15.41412904,171.0968323,42,7.020789004,M,195.6944691,8000,4000
831,22/02/2020,A,0,437.7224083,30.64056858,43.77224083,512.1352177,31,11.90751574,S,405.2624593,10000,7000
832,15/02/2020,A,0,268.5157634,29.53673397,26.85157634,324.9040737,60,6.97163635,S,364.4930122,6000,7000
833,14/03/2020,A,0,398.9880406,31.91904325,39.89880406,470.8058879,63,9.546232252,S,227.7106221,10000,8000
834,28/02/2020,A,0,311.0852897,27.99767607,15.55426449,354.6372303,61,8.352253333,M,379.1717187,,7000
835,27/02/2020,B,0,418.0665958,66.89065533,41.80665958,526.7639107,32,9.415792142,S,388.1594752,10000,6000
836,30/01/2020,A,0,499.4930555,69.92902777,49.94930555,619.3713888,45,8.358321295,M,500.7296569,10000,9000
837,09/01/2020,B,0,514.2157824,35.99510477,51.42157824,601.6324654,18,7.139236435,M,343.1906616,9000,8000
838,21/03/2020,A,0,478.72789,52.6600679,47.872789,579.2607469,24,6.188223695,S,290.3312555,10000,10000
839,09/04/2020,B,0,400.9657321,40.09657321,40.09657321,481.1588785,42,10.17089504,S,449.8327515,9000,6000
840,05/04/2020,A,0,295.3577385,41.35008339,14.76788693,351.4757088,32,10.10959843,M,415.9938147,6000,8000
841,28/01/2020,B,0,443.1697467,4.431697467,44.31697467,491.9184188,53,9.607621833,D,342.1671161,8000,6000
842,24/01/2020,B,0,209.8425129,27.27952668,20.98425129,258.1062909,53,7.935974841,D,458.371515,10000,7000
843,08/03/2020,A,0,339.272162,47.49810268,33.9272162,420.6974809,26,7.546114114,M,516.8774114,8000,5000
844,04/01/2020,A,0,297.3282279,35.67938735,14.8664114,347.8740266,52,8.756986382,S,519.0418607,6000,8000
845,23/02/2020,A,0,377.610314,71.74595966,18.8805157,468.2367894,38,7.103549975,M,410.0723131,6000,10000
846,29/03/2020,A,0,517.1001684,56.88101852,25.85500842,599.8361953,52,7.932555123,M,423.912384,6000,7000
847,26/03/2020,A,0,394.8123081,27.63686157,39.48123081,461.9304005,59,11.04233819,S,454.3202417,9000,7000
848,22/01/2020,B,0,529.3541582,79.40312373,52.93541582,661.6926978,40,11.11511567,M,413.0736357,10000,7000
849,08/04/2020,B,0,479.1628288,9.583256576,47.91628288,536.6623683,52,6.697640185,M,440.6657738,9000,6000
850,27/03/2020,A,0,294.9663901,53.09395022,29.49663901,377.5569793,42,7.45444033,S,427.0102292,8000,8000
851,06/02/2020,A,0,410.4361558,82.08723116,41.04361558,533.5670025,50,7.586503799,M,454.0485881,8000,8000
852,18/01/2020,B,0,424.6395575,12.73918673,42.46395575,479.8427,44,7.404998814,S,509.9407262,9000,6000
853,13/02/2020,A,0,348.9569389,17.44784695,34.89569389,401.3004797,41,6.988759068,M,382.5493894,6000,7000
854,13/02/2020,A,0,441.2583013,79.42649423,44.12583013,564.8106257,59,11.23780191,M,444.2383671,15000,8000
855,03/01/2020,A,0,338.4028687,50.76043031,33.84028687,423.0035859,38,9.59168186,S,426.169167,8000,5000
856,19/01/2020,A,1,364.7224427,25.53057099,36.47224427,426.725258,46,9.380224639,M,463.2903807,10000,9000
857,10/04/2020,B,0,345.5797834,27.64638267,34.55797834,407.7841444,45,7.683256314,M,380.7516486,7000,7000
858,30/01/2020,A,0,328.6689525,13.1467581,32.86689525,374.6826059,26,9.838523649,D,331.9416917,10000,6000
859,12/02/2020,A,0,239.0375286,45.41713043,23.90375286,308.3584119,45,4.804915711,M,559.0708409,7000,6000
860,16/03/2020,A,0,272.1596085,29.93755694,27.21596085,329.3131263,23,6.435355534,S,439.9897385,7000,4000
861,23/01/2020,B,0,421.5643511,29.50950458,42.15643511,493.2302908,68,7.962331182,M,505.904878,7000,7000
862,04/02/2020,A,0,363.4978468,39.98476315,36.34978468,439.8323946,33,8.394220288,S,440.4011474,10000,7000
863,09/01/2020,A,0,315.9353505,44.23094907,31.59353505,391.7598346,42,,M,413.1861157,7000,8000
864,21/01/2020,A,0,653.1094123,78.37312948,65.31094123,796.793483,38,8.748273024,M,427.8099005,9000,8000
865,29/02/2020,B,0,310.785824,37.29429888,31.0785824,379.1587053,43,6.199897308,S,369.2916432,6000,7000
866,19/01/2020,B,1,355.4159384,42.64991261,35.54159384,433.6074448,36,9.577445702,D,420.8209445,10000,8000
867,01/03/2020,A,0,349.599374,66.42388106,34.9599374,450.9831925,26,10.07456407,M,328.1501402,8000,7000
868,08/02/2020,B,1,408.3990288,49.00788346,40.83990288,498.2468151,47,7.861576256,S,299.9384468,9000,7000
869,02/02/2020,B,0,489.8196747,83.2693447,48.98196747,622.0709869,34,10.45197285,S,302.7320577,10000,6000
870,15/02/2020,A,0,258.3518096,41.33628954,25.83518096,325.5232801,36,5.290848219,M,396.7185793,10000,5000
871,13/02/2020,A,0,363.8256684,54.57385026,36.38256684,454.7820855,48,8.85535696,S,381.2279903,10000,6000
872,07/01/2020,A,0,414.6213963,41.46213963,20.73106982,476.8146058,55,6.734182706,S,,8000,7000
873,22/02/2020,A,0,494.6879145,64.30942889,49.46879145,608.4661348,44,9.169066724,M,364.5950899,7000,8000
874,10/04/2020,B,0,275.6392498,19.29474749,27.56392498,322.4979223,47,12.06445304,M,542.2427279,9000,6000
875,24/02/2020,B,0,528.3821119,89.82495902,52.83821119,671.0452821,40,6.732734835,M,365.3982001,10000,10000
876,09/01/2020,B,0,288.2742229,20.1791956,28.82742229,337.2808408,41,11.26333595,M,479.0602373,9000,5000
877,29/01/2020,B,0,382.3423352,15.29369341,38.23423352,435.8702621,42,8.301256897,M,453.048452,10000,6000
878,08/03/2020,A,0,334.3172358,26.74537886,16.71586179,377.7784765,33,9.00983296,M,370.6327706,7000,7000
879,15/02/2020,B,0,304.8845434,12.19538174,30.48845434,347.5683795,64,7.029582198,S,326.2693698,8000,7000
880,15/01/2020,B,0,560.4064898,16.81219469,56.04064898,633.2593335,55,7.821213115,S,414.2362808,9000,8000
881,10/04/2020,A,0,472.9169762,89.85422548,47.29169762,610.0628993,38,10.18607616,M,415.030008,9000,8000
882,08/04/2020,A,0,443.4162651,48.77578916,44.34162651,536.5336808,37,6.456911507,S,378.1028804,9000,8000
883,19/03/2020,A,0,191.9492879,7.677971516,9.597464397,209.2247238,29,6.944278872,M,393.183074,7000,7000
884,28/03/2020,B,0,302.2996908,48.36795053,30.22996908,380.8976104,50,8.874619241,M,358.2748933,8000,6000
885,19/03/2020,B,0,366.9342993,36.69342993,36.69342993,440.3211592,32,9.292189551,M,525.8497082,8000,9000
886,20/01/2020,B,0,377.9351649,64.24897803,37.79351649,479.9776594,37,7.895845957,M,435.6221369,10000,6000
887,06/04/2020,A,0,293.7943845,38.19326999,29.37943845,361.3670929,36,9.965143711,S,406.9657514,8000,6000
888,16/03/2020,B,0,501.0013848,85.17023542,25.05006924,611.2216895,39,6.780957035,D,9999,6000,7000
889,18/03/2020,B,0,415.0271025,12.45081308,41.50271025,468.9806258,47,8.670410032,S,441.1798731,7000,7000
890,19/03/2020,B,0,300.6358843,21.0445119,30.06358843,351.7439846,54,7.036534554,S,396.321275,8000,5000
891,20/01/2020,A,1,427.1068008,68.33708813,42.71068008,538.154569,45,12.03962125,S,311.4913478,7000,7000
892,04/02/2020,B,0,504.6162083,65.60010708,50.46162083,620.6779362,68,5.502987767,M,339.4149679,15000,7000
893,01/04/2020,A,0,368.5033897,47.90544066,36.85033897,453.2591693,41,9.219679095,M,362.2489599,9000,7000
894,09/04/2020,B,0,374.7905555,26.23533889,37.47905555,438.5049499,29,6.782514436,M,320.1105318,8000,7000
895,16/01/2020,B,0,375.9928322,41.35921154,37.59928322,454.951327,48,10.38494856,S,276.7995652,7000,9000
896,29/02/2020,B,1,370.6109051,44.47330861,37.06109051,452.1453042,56,9.290714053,M,330.5701736,10000,6000
897,24/03/2020,A,0,323.5143177,51.76229083,32.35143177,407.6280403,44,8.200395814,S,281.5408905,9000,6000
898,05/02/2020,A,0,429.7218308,38.67496477,21.48609154,489.8828871,42,6.881075777,M,468.8852125,7000,8000
899,15/03/2020,A,0,484.1449302,58.09739162,48.41449302,590.6568148,47,7.368559772,S,470.2977431,8000,8000
900,07/02/2020,A,0,617.1896564,67.8908622,61.71896564,746.7994842,58,9.406485397,S,421.2082966,7000,7000
901,04/03/2020,B,0,351.6133617,45.70973702,17.58066809,414.9037668,49,5.642962844,M,397.8411058,7000,6000
902,30/03/2020,B,1,339.6484066,10.1894522,16.98242033,366.8202791,32,5.308780258,M,582.6496098,7000,7000
903,10/03/2020,A,0,384.189512,19.2094756,38.4189512,441.8179388,26,12.89541853,S,239.8928266,8000,6000
904,05/01/2020,B,0,599.4130999,5.994130999,59.94130999,665.3485409,57,7.659662751,S,484.7788289,10000,7000
905,22/02/2020,A,0,433.8941486,69.42306378,21.69470743,525.0119198,42,8.083236131,M,465.5507328,6000,8000
906,07/04/2020,B,0,358.9078788,35.89078788,35.89078788,430.6894546,29,6.294976058,M,451.8387101,9000,6000
907,01/02/2020,B,0,417.6741468,25.06044881,41.76741468,484.5020103,45,7.747210357,S,509.3910196,10000,7000
908,22/01/2020,B,0,411.5171131,4.115171131,41.15171131,456.7839955,42,8.056102081,S,453.8678875,8000,7000
909,04/03/2020,B,0,392.2007391,43.1420813,19.61003696,454.9528574,47,8.217194296,S,406.7884546,6000,8000
910,23/01/2020,A,0,505.8522408,101.1704482,25.29261204,632.315301,25,6.368053098,D,462.6225248,9000,7000
911,26/01/2020,B,0,365.2899681,40.18189649,36.52899681,442.0008614,32,9.397031041,S,293.9579739,7000,6000
912,01/03/2020,B,0,427.1808871,64.07713307,21.35904435,512.6170645,32,7.468740789,S,431.614233,8000,7000
913,21/03/2020,A,0,234.2469671,25.76716638,11.71234835,271.7264818,45,6.328366556,M,460.3608862,6000,7000
914,25/02/2020,A,0,261.4775214,47.06595385,26.14775214,334.6912274,54,7.79379752,M,368.8749168,7000,6000
915,26/01/2020,A,0,571.364082,57.1364082,57.1364082,685.6368984,33,6.373757485,D,302.629245,8000,8000
916,15/03/2020,A,0,250.8670761,30.10404913,25.08670761,306.0578328,54,8.087670971,S,428.6737866,6000,7000
917,21/01/2020,A,0,266.617623,47.99117214,26.6617623,341.2705574,40,11.66148259,,470.913532,8000,7000
918,11/03/2020,A,0,481.9715306,91.57459081,48.19715306,621.7432745,38,9.861788555,M,380.3936793,8000,8000
919,07/03/2020,B,0,349.2649555,34.92649555,34.92649555,419.1179466,52,2.688574838,D,364.1064837,10000,7000
920,27/03/2020,B,0,268.1904512,21.4552361,26.81904512,316.4647324,29,8.060760877,M,303.6141585,8000,5000
921,07/02/2020,A,0,406.0867108,24.36520265,20.30433554,450.756249,19,7.976287456,M,372.2168131,6000,10000
922,29/01/2020,A,0,443.9522233,39.9557001,22.19761116,506.1055346,28,11.10001414,M,417.3026005,6000,9000
923,14/03/2020,B,0,324.0431002,6.480862004,32.40431002,362.9282722,54,8.083551812,M,353.785959,10000,7000
924,19/03/2020,B,0,508.6893476,86.47718909,50.86893476,646.0354715,47,7.444591915,M,396.6421021,8000,6000
925,20/03/2020,B,0,527.4546677,15.82364003,52.74546677,596.0237745,58,7.380105217,M,440.4348731,10000,8000
926,26/02/2020,B,0,453.9097658,45.39097658,45.39097658,544.691719,33,3.770981328,S,388.7308685,10000,8000
927,18/03/2020,B,0,363.9998951,10.91999685,36.39998951,411.3198815,70,7.892723875,M,594.8350887,9000,7000
928,07/02/2020,A,0,288.3778551,51.90801392,28.83778551,369.1236545,42,6.019495419,S,492.6425417,10000,7000
929,20/01/2020,A,0,515.0167758,56.65184534,51.50167758,623.1702987,20,8.359628663,S,464.6870347,7000,8000
930,08/02/2020,A,1,430.0805287,86.01610574,43.00805287,559.1046873,54,13.30297008,M,361.9449369,8000,6000
931,21/03/2020,A,0,353.8072672,38.91879939,17.69036336,410.41643,59,6.160580153,S,444.1172306,7000,8000
932,09/02/2020,B,0,351.5058259,7.030116518,35.15058259,393.686525,48,9.310168786,S,393.7857054,7000,8000
933,01/04/2020,A,0,408.5852588,61.28778882,40.85852588,510.7315735,37,7.901371021,M,274.3602134,10000,7000
934,19/02/2020,A,0,288.2963514,46.12741622,28.82963514,363.2534028,38,12.66640938,S,261.8629075,8000,6000
935,03/02/2020,B,0,413.2893296,49.59471955,41.32893296,504.2129821,52,9.374735395,M,415.9988302,10000,7000
936,18/01/2020,B,0,512.8875422,25.64437711,51.28875422,589.8206735,35,8.426930499,M,442.6379027,10000,7000
937,24/03/2020,B,0,631.5852957,63.15852957,63.15852957,757.9023548,49,7.48256241,M,343.0700897,15000,8000
938,04/02/2020,B,0,251.8828139,10.07531256,25.18828139,287.1464078,49,7.439109115,S,488.7168225,9000,6000
939,05/04/2020,B,0,357.2818315,53.59227473,17.86409157,428.7381978,53,8.778323543,M,349.4529179,7000,6000
940,07/04/2020,B,0,417.1274194,8.342548388,41.71274194,467.1827097,50,8.413399258,S,418.7982239,10000,6000
941,08/04/2020,A,0,585.2703081,117.0540616,58.52703081,760.8514005,69,7.53453668,M,453.6169,10000,9000
942,16/01/2020,A,0,435.4174056,47.89591462,43.54174056,526.8550608,49,10.17962246,D,437.3628519,10000,4000
943,03/01/2020,B,0,349.8523446,27.98818757,34.98523446,412.8257666,46,5.396150288,S,388.4732435,9000,6000
944,13/03/2020,A,0,588.305027,29.41525135,58.8305027,676.5507811,37,9.673769047,M,446.6341783,10000,7000
945,12/03/2020,A,0,334.6956471,23.4286953,,358.1243424,34,7.653123452,S,460.2286091,8000,6000
946,19/01/2020,B,0,487.5445067,24.37722534,48.75445067,560.6761827,38,9.984362797,M,392.0814027,8000,8000
947,03/02/2020,A,0,397.0192351,51.61250056,39.70192351,488.3336592,43,7.919799267,M,483.2281474,9000,6000
948,18/03/2020,A,0,469.214219,60.99784847,46.9214219,577.1334894,40,11.04168984,S,446.6230149,5000,6000
949,02/02/2020,B,0,449.1780686,40.42602617,44.91780686,534.5219016,44,5.47885689,D,288.1444071,10000,7000
950,14/01/2020,A,0,283.5141128,28.35141128,28.35141128,340.2169354,40,8.991179372,M,382.8436686,7000,9000
951,18/02/2020,A,0,531.1860332,84.98976531,,616.1757985,70,6.554429195,M,563.8093977,10000,7000
952,24/01/2020,B,0,417.8766418,4.178766418,41.78766418,463.8430724,36,9.029790013,M,386.4034851,15000,9000
953,21/03/2020,B,1,322.1533591,41.87993668,16.10766795,380.1409637,67,7.683254623,M,9999,7000,7000
954,08/04/2020,A,0,563.5672841,22.54269136,56.35672841,642.4667039,33,7.473111516,S,469.7458961,9000,7000
955,03/04/2020,B,0,464.1189894,9.282379788,23.20594947,496.6073187,45,8.972681116,S,603.0887154,8000,7000
956,04/03/2020,A,0,337.6998492,43.9009804,33.76998492,415.3708145,33,8.316536592,S,463.959983,9000,7000
957,16/02/2020,B,0,,0,45.74677205,45.74677205,43,7.52329714,S,334.3559073,7000,8000
958,19/01/2020,A,0,289.3509395,57.8701879,28.93509395,376.1562214,42,6.354571513,M,238.4415535,10000,8000
959,05/01/2020,A,0,473.1028988,85.15852178,47.31028988,605.5717105,34,8.99557915,D,411.8411268,10000,7000
960,03/02/2020,B,0,397.6349045,15.90539618,19.88174523,433.4220459,33,7.474900621,M,305.567563,7000,10000
961,09/01/2020,B,0,380.0374122,41.80411534,38.00374122,459.8452688,39,7.003191656,S,442.9301311,10000,7000
962,09/02/2020,A,0,371.8511412,40.90362553,37.18511412,449.9398809,32,8.438347499,S,316.6928341,10000,7000
963,28/02/2020,A,0,194.472642,19.4472642,19.4472642,233.3671704,33,5.633426776,S,467.178977,8000,5000
964,01/02/2020,A,0,356.7689824,14.2707593,35.67689824,406.7166399,46,8.026030555,S,208.596632,9000,7000
965,17/03/2020,B,0,513.0011178,10.26002236,25.65005589,548.911196,59,10.91368325,S,392.7963284,6000,7000
966,20/02/2020,A,0,259.7198116,33.76357551,12.98599058,306.4693777,69,9.492235623,S,434.5695151,6000,8000
967,04/02/2020,B,0,334.0206607,26.72165286,16.70103304,377.4433466,41,6.08331431,M,341.7490227,7000,4000
968,01/02/2020,A,0,,0,58.78990822,58.78990822,41,10.37075739,D,294.2093002,10000,9000
969,25/02/2020,A,0,478.4061465,90.89716784,47.84061465,617.143929,38,8.843860133,S,494.6526458,10000,8000
970,16/01/2020,A,0,442.3107699,66.34661549,44.23107699,552.8884624,24,8.849694927,M,476.1388261,8000,7000
971,26/01/2020,B,0,417.1998253,12.51599476,41.71998253,471.4358026,55,6.921363008,M,396.7163975,10000,8000
972,24/03/2020,A,0,464.0612992,18.56245197,46.40612992,529.0298811,29,8.849181454,M,249.1408855,9000,7000
973,18/03/2020,A,0,305.3198892,24.42559114,15.26599446,345.0114748,68,7.983295582,S,353.1433513,6000,7000
974,16/01/2020,A,0,527.3280718,31.63968431,52.73280718,611.7005633,30,7.547622515,D,362.4866785,9000,8000
975,15/02/2020,A,0,326.3633753,52.21814005,16.31816877,394.8996841,57,8.108162042,M,411.069577,6000,7000
976,24/02/2020,B,0,329.1960622,3.291960622,16.45980311,348.9478259,50,7.743794446,S,289.0920154,6000,7000
977,12/03/2020,A,0,270.6864649,24.36178184,13.53432325,308.58257,49,7.649539611,S,282.9821227,7000,6000
978,27/02/2020,B,0,414.4539678,53.87901581,41.44539678,509.7783804,37,6.178785957,S,454.3217197,10000,7000
979,09/02/2020,B,0,352.6832431,24.68782702,35.26832431,412.6393944,48,8.782555015,S,314.3081285,9000,6000
980,14/03/2020,A,0,435.8887306,17.43554922,43.58887306,496.9131529,36,4.905247753,S,340.1382202,10000,5000
981,10/03/2020,B,0,281.6443556,45.0630969,28.16443556,354.8718881,29,10.23611275,M,439.4498423,7000,9000
982,01/03/2020,B,0,415.3595924,16.6143837,20.76797962,452.7419557,32,6.214077348,M,342.6814019,6000,6000
983,04/03/2020,A,1,407.9755304,16.31902122,40.79755304,465.0921047,35,8.971485679,S,359.7986059,8000,7000
984,09/03/2020,B,0,248.7343929,29.84812715,24.87343929,303.4559593,33,6.857067079,S,412.5986299,10000,7000
985,06/01/2020,A,0,402.4965077,60.37447616,40.24965077,503.1206346,37,8.42481033,M,410.9898519,8000,7000
986,02/02/2020,B,0,444.0666691,4.440666691,44.40666691,492.9140027,55,7.650359852,M,423.4250554,7000,7000
987,12/03/2020,A,0,424.114158,42.4114158,42.4114158,508.9369896,49,9.883883965,M,504.114527,10000,5000
988,05/02/2020,A,0,490.9583708,54.00542079,49.09583708,594.0596287,29,7.61900501,M,294.1263702,10000,7000
989,26/01/2020,A,0,426.6031245,17.06412498,42.66031245,486.3275619,19,6.459485812,S,324.5129433,9000,8000
990,22/01/2020,B,0,485.6437996,72.84656994,24.28218998,582.7725595,64,11.96131296,M,484.3207404,6000,11000
991,26/01/2020,B,0,338.3019188,10.14905756,33.83019188,382.2811682,49,7.450270399,M,323.9858165,5000,7000
992,23/01/2020,B,0,529.9489922,42.39591938,52.99489922,625.3398108,22,7.831304841,S,405.4282289,9000,5000
993,31/03/2020,B,0,346.9575529,41.63490635,34.69575529,423.2882145,56,5.585509488,M,387.7280982,10000,5000
994,12/01/2020,A,0,570.9404015,34.25642409,57.09404015,662.2908657,38,6.010942897,D,501.330645,9000,6000
995,28/02/2020,B,0,342.0343233,17.10171617,34.20343233,393.3394718,73,4.830775094,M,419.3766697,10000,6000
996,01/02/2020,B,0,390.8612358,27.36028651,39.08612358,457.3076459,51,9.188583442,M,348.812495,10000,6000
997,15/03/2020,A,0,296.4910382,20.75437267,14.82455191,332.0699628,45,12.36947002,S,326.7790503,8000,6000
998,23/03/2020,B,1,367.9159959,51.50823943,18.39579979,437.8200351,28,8.621501157,S,370.9514031,7000,7000
999,05/03/2020,A,0,357.559124,21.45354744,17.8779562,396.8906276,44,7.488932154,D,391.3956501,7000,7000
